SK_ID_CURR,TARGET,NAME_CONTRACT_TYPE,AMT_GOODS_PRICE,NAME_TYPE_SUITE,REGION_POPULATION_RELATIVE,DAYS_REGISTRATION,FLAG_MOBIL,FLAG_WORK_PHONE,FLAG_CONT_MOBILE,FLAG_PHONE,FLAG_EMAIL,WEEKDAY_APPR_PROCESS_START,HOUR_APPR_PROCESS_START,REG_REGION_NOT_LIVE_REGION,REG_REGION_NOT_WORK_REGION,LIVE_REGION_NOT_WORK_REGION,BASEMENTAREA_AVG,YEARS_BEGINEXPLUATATION_AVG,YEARS_BUILD_AVG,COMMONAREA_AVG,ELEVATORS_AVG,ENTRANCES_AVG,FLOORSMIN_AVG,LANDAREA_AVG,LIVINGAPARTMENTS_AVG,NONLIVINGAPARTMENTS_AVG,NONLIVINGAREA_AVG,APARTMENTS_MODE,BASEMENTAREA_MODE,YEARS_BEGINEXPLUATATION_MODE,YEARS_BUILD_MODE,COMMONAREA_MODE,ELEVATORS_MODE,ENTRANCES_MODE,FLOORSMAX_MODE,FLOORSMIN_MODE,LANDAREA_MODE,LIVINGAPARTMENTS_MODE,LIVINGAREA_MODE,NONLIVINGAPARTMENTS_MODE,NONLIVINGAREA_MODE,APARTMENTS_MEDI,BASEMENTAREA_MEDI,YEARS_BEGINEXPLUATATION_MEDI,YEARS_BUILD_MEDI,COMMONAREA_MEDI,ELEVATORS_MEDI,ENTRANCES_MEDI,FLOORSMAX_MEDI,FLOORSMIN_MEDI,LANDAREA_MEDI,LIVINGAPARTMENTS_MEDI,LIVINGAREA_MEDI,NONLIVINGAPARTMENTS_MEDI,NONLIVINGAREA_MEDI,FONDKAPREMONT_MODE,HOUSETYPE_MODE,WALLSMATERIAL_MODE,EMERGENCYSTATE_MODE,OBS_30_CNT_SOCIAL_CIRCLE,DEF_30_CNT_SOCIAL_CIRCLE,OBS_60_CNT_SOCIAL_CIRCLE,DEF_60_CNT_SOCIAL_CIRCLE,DAYS_LAST_PHONE_CHANGE,FLAG_DOCUMENT_2,FLAG_DOCUMENT_4,FLAG_DOCUMENT_5,FLAG_DOCUMENT_7,FLAG_DOCUMENT_9,FLAG_DOCUMENT_10,FLAG_DOCUMENT_11,FLAG_DOCUMENT_12,FLAG_DOCUMENT_13,FLAG_DOCUMENT_14,FLAG_DOCUMENT_15,FLAG_DOCUMENT_16,FLAG_DOCUMENT_17,FLAG_DOCUMENT_18,FLAG_DOCUMENT_19,FLAG_DOCUMENT_20,FLAG_DOCUMENT_21,BUREAU_AMT_CREDIT_SUM,BUREAU_AMT_CREDIT_SUM_DEBT,BUREAU_AMT_CREDIT_MAX_OVERDUE,BUREAU_CREDIT_DAY_OVERDUE,BUREAU_CNT_CREDIT_PROLONG,BUREAU_CREDIT_ACTIVE_COUNT
100002,1,Cash loans,351000.0,Unaccompanied,0.018801,-3648.0,1,0,1,1,0,WEDNESDAY,10,0,0,0,0.0369,0.9722,0.6192,0.0143,0.0,0.069,0.125,0.0369,0.0202,0.0,0.0,0.0252,0.0383,0.9722,0.6341,0.0144,0.0,0.069,0.0833,0.125,0.0377,0.022,0.0198,0.0,0.0,0.025,0.0369,0.9722,0.6243,0.0144,0.0,0.069,0.0833,0.125,0.0375,0.0205,0.0193,0.0,0.0,reg oper account,block of flats,"Stone, brick",No,2.0,2.0,2.0,2.0,-1134.0,0,0,0,0,0,0,0,0,0,0,0,0,0,0,0,0,0,865055.565,245781.0,5043.645,0.0,0.0,2.0
100003,0,Cash loans,1129500.0,Family,0.0035409999999999,-1186.0,1,0,1,1,0,MONDAY,11,0,0,0,0.0529,0.9851,0.7959999999999999,0.0605,0.08,0.0345,0.3333,0.013,0.0773,0.0039,0.0098,0.0924,0.0538,0.9851,0.804,0.0497,0.0806,0.0345,0.2917,0.3333,0.0128,0.079,0.0554,0.0,0.0,0.0968,0.0529,0.9851,0.7987,0.0608,0.08,0.0345,0.2917,0.3333,0.0132,0.0787,0.0558,0.0039,0.01,reg oper account,block of flats,Block,No,1.0,0.0,1.0,0.0,-828.0,0,0,0,0,0,0,0,0,0,0,0,0,0,0,0,0,0,1017400.5,0.0,0.0,0.0,0.0,1.0
100004,0,Revolving loans,135000.0,Unaccompanied,0.010032,-4260.0,1,1,1,1,0,MONDAY,9,0,0,0,,,,,,,,,,,,,,,,,,,,,,,,,,,,,,,,,,,,,,,,,,,,0.0,0.0,0.0,0.0,-815.0,0,0,0,0,0,0,0,0,0,0,0,0,0,0,0,0,0,189037.8,0.0,0.0,0.0,0.0,0.0
100006,0,Cash loans,297000.0,Unaccompanied,0.008019,-9833.0,1,0,1,0,0,WEDNESDAY,17,0,0,0,,,,,,,,,,,,,,,,,,,,,,,,,,,,,,,,,,,,,,,,,,,,2.0,0.0,2.0,0.0,-617.0,0,0,0,0,0,0,0,0,0,0,0,0,0,0,0,0,0,,,,,,
100007,0,Cash loans,513000.0,Unaccompanied,0.028663,-4311.0,1,0,1,0,0,THURSDAY,11,0,0,0,,,,,,,,,,,,,,,,,,,,,,,,,,,,,,,,,,,,,,,,,,,,0.0,0.0,0.0,0.0,-1106.0,0,0,0,0,0,0,0,0,0,0,0,0,0,0,0,0,0,146250.0,0.0,0.0,0.0,0.0,0.0
100008,0,Cash loans,454500.0,"Spouse, partner",0.035792,-4970.0,1,1,1,1,0,WEDNESDAY,16,0,0,0,,,,,,,,,,,,,,,,,,,,,,,,,,,,,,,,,,,,,,,,,,,,0.0,0.0,0.0,0.0,-2536.0,0,0,0,0,0,0,0,0,0,0,0,0,0,0,0,0,0,468445.5,240057.0,0.0,0.0,0.0,1.0
100009,0,Cash loans,1395000.0,Unaccompanied,0.035792,-1213.0,1,0,1,1,0,SUNDAY,16,0,0,0,,,,,,,,,,,,,,,,,,,,,,,,,,,,,,,,,,,,,,,,,,,,1.0,0.0,1.0,0.0,-1562.0,0,0,0,0,0,0,0,0,0,1,0,0,0,0,0,0,0,4800811.5,1077349.5,0.0,0.0,0.0,4.0
100010,0,Cash loans,1530000.0,Unaccompanied,0.0031219999999999,-4597.0,1,1,1,0,0,MONDAY,16,0,0,0,,,,,,,,,,,,,,,,,,,,,,,,,,,,,,,,,,,,,,,,,,,,2.0,0.0,2.0,0.0,-1070.0,0,0,0,0,0,0,0,0,0,0,0,0,0,0,0,0,0,990000.0,348007.5,,0.0,0.0,1.0
100011,0,Cash loans,913500.0,Children,0.018634,-7427.0,1,0,1,0,0,WEDNESDAY,14,0,0,0,,,,,,,,,,,,,,,,,,,,,,,,,,,,,,,,,,,,,,,,,,,,1.0,0.0,1.0,0.0,0.0,0,0,0,0,0,0,0,0,0,0,0,0,0,0,0,0,0,435228.3,0.0,10147.23,0.0,0.0,0.0
100012,0,Revolving loans,405000.0,Unaccompanied,0.0196889999999999,-14437.0,1,0,1,0,0,THURSDAY,8,0,0,0,,,,,,,,,,,,,,,,,,,,,,,,,,,,,,,,,,,,,,,,,,,,2.0,0.0,2.0,0.0,-1673.0,0,0,0,0,0,0,0,0,0,0,0,0,0,0,0,0,0,,,,,,
100014,0,Cash loans,652500.0,Unaccompanied,0.0228,-4427.0,1,0,1,0,0,SATURDAY,15,0,0,0,,,,,,,,,,,,,,,,,,,,,,,,,,,,,,,,,,,,,,,,,,,,0.0,0.0,0.0,0.0,-844.0,0,0,0,0,0,0,0,0,0,0,0,0,0,0,0,0,0,2729932.425,758214.0,12752.28,0.0,0.0,2.0
100015,0,Cash loans,135000.0,Children,0.015221,-5246.0,1,0,1,1,0,FRIDAY,7,0,0,0,,,,,,,,,,,,,,,,,,,,,,,,,,,,,,,,,,,,,,,,,,,,0.0,0.0,0.0,0.0,-2396.0,0,0,0,0,0,0,0,0,0,0,0,0,0,0,0,0,0,409495.5,0.0,,0.0,0.0,0.0
100016,0,Cash loans,67500.0,Unaccompanied,0.031329,-311.0,1,1,1,1,0,FRIDAY,10,0,0,0,,0.9811,,,0.0,0.2069,,0.0135,,,0.0,0.084,,0.9811,,,0.0,0.2069,0.1667,,0.0138,,0.081,,0.0,0.0833,,0.9811,,,0.0,0.2069,0.1667,,0.0137,,0.0792,,0.0,reg oper account,block of flats,,No,0.0,0.0,0.0,0.0,-2370.0,0,0,0,0,0,0,0,0,0,0,0,0,0,0,0,0,0,474984.0,63724.5,0.0,0.0,0.0,4.0
100017,0,Cash loans,697500.0,Unaccompanied,0.016612,-643.0,1,0,1,0,0,THURSDAY,13,0,0,0,0.0973,0.9806,0.7348,0.0582,0.16,0.1379,0.375,0.0931,0.1202,0.0,0.0,0.1502,0.101,0.9806,0.7452,0.0587,0.1611,0.1379,0.3333,0.375,0.0952,0.1313,0.1456,0.0,0.0,0.1489,0.0973,0.9806,0.7383,0.0585,0.16,0.1379,0.3333,0.375,0.0947,0.1223,0.1422,0.0,0.0,reg oper account,block of flats,Panel,No,0.0,0.0,0.0,0.0,-4.0,0,0,0,0,0,0,0,0,0,0,0,0,0,0,0,0,0,859770.0,0.0,0.0,0.0,0.0,0.0
100018,0,Cash loans,679500.0,Unaccompanied,0.010006,-615.0,1,0,1,0,0,MONDAY,9,0,0,0,0.1335,0.9985,0.9796,0.1143,0.4,0.1724,0.7083,0.1758,0.2849,0.0193,0.1001,0.3561,0.1386,0.9985,0.9804,0.1153,0.4028,0.1724,0.6667,0.7083,0.1798,0.3113,0.3932,0.0195,0.106,0.3529,0.1335,0.9985,0.9799,0.115,0.4,0.1724,0.6667,0.7083,0.1789,0.2899,0.3842,0.0194,0.1022,reg oper account,block of flats,Panel,No,0.0,0.0,0.0,0.0,-188.0,0,0,0,0,0,0,0,0,0,0,0,0,0,0,0,0,0,,,,,,
100019,0,Cash loans,247500.0,Family,0.020713,-3494.0,1,0,1,0,0,SATURDAY,6,0,0,0,,,,,,,,,,,,,,,,,,,,,,,,,,,,,,,,,,,,,,,,,,,,0.0,0.0,0.0,0.0,-925.0,0,0,0,0,0,0,0,0,0,0,0,0,0,0,0,0,0,720000.0,245470.14,0.0,0.0,0.0,2.0
100020,0,Cash loans,387000.0,Unaccompanied,0.018634,-6392.0,1,0,1,0,0,THURSDAY,12,0,0,0,,,,,,,,,,,,,,,,,,,,,,,,,,,,,,,,,,,,,,,,,,,,0.0,0.0,0.0,0.0,-3.0,0,0,0,0,0,0,0,0,0,0,0,0,0,0,0,0,0,199485.0,123088.5,0.0,0.0,0.0,2.0
100021,0,Revolving loans,270000.0,Unaccompanied,0.010966,-4143.0,1,0,1,0,0,MONDAY,10,0,0,0,,,,,,,,,,,,,,,,,,,,,,,,,,,,,,,,,,,,,,,,,,,,4.0,0.0,4.0,0.0,-2811.0,0,0,0,0,0,0,0,0,0,0,0,0,0,0,0,0,0,,,,,,
100022,0,Revolving loans,157500.0,Other_A,0.04622,-8751.0,1,0,1,1,0,FRIDAY,13,0,0,0,0.0617,0.9881,0.8368,0.0018,0.0,0.1034,0.125,0.0279,0.0227,0.0,0.0,0.0284,0.064,0.9881,0.8432,0.0018,0.0,0.1034,0.0833,0.125,0.0286,0.0248,0.0302,0.0,0.0,0.0281,0.0617,0.9881,0.8390000000000001,0.0018,0.0,0.1034,0.0833,0.125,0.0284,0.0231,0.0295,0.0,0.0,reg oper account,block of flats,"Stone, brick",No,8.0,0.0,8.0,0.0,-239.0,0,0,0,0,0,0,0,0,0,0,0,0,0,0,0,0,0,1057500.0,205276.5,0.0,0.0,0.0,2.0
100023,0,Cash loans,454500.0,Unaccompanied,0.015221,-1021.0,1,1,1,1,0,MONDAY,12,0,0,0,,,,,,,,,,,,,,,,,,,,,,,,,,,,,,,,,,,,,,,,,,,,0.0,0.0,0.0,0.0,-1850.0,0,0,0,0,0,0,0,0,0,0,0,0,0,0,0,0,0,1645692.345,137038.5,5980.05,0.0,0.0,4.0
100024,0,Revolving loans,427500.0,Unaccompanied,0.015221,-298.0,1,0,1,0,0,FRIDAY,13,0,0,0,0.0801,0.9781,0.7008,,0.0,0.1379,0.0417,0.0534,0.0588,0.0,0.0,0.0735,0.0831,0.9782,0.7125,,0.0,0.1379,0.1667,0.0417,0.0546,0.0643,0.0645,0.0,0.0,0.0729,0.0801,0.9781,0.7048,,0.0,0.1379,0.1667,0.0417,0.0543,0.0599,0.063,0.0,0.0,reg oper account,block of flats,"Stone, brick",No,0.0,0.0,0.0,0.0,-296.0,0,0,0,0,0,0,0,0,0,0,0,0,0,0,0,0,0,,,,,,
100025,0,Cash loans,927000.0,Unaccompanied,0.025164,-2299.0,1,0,1,0,0,MONDAY,9,0,0,0,,,,,,,,,,,,,,,,,,,,,,,,,,,,,,,,,,,,,,,,,,,,0.0,0.0,0.0,0.0,0.0,0,0,0,0,0,0,0,0,0,0,0,0,0,0,0,0,0,2452500.0,1886544.0,,0.0,0.0,1.0
100026,0,Cash loans,450000.0,Unaccompanied,0.020713,-114.0,1,0,1,0,0,THURSDAY,6,0,0,0,0.0795,0.9786,0.7076,0.012,0.0,0.2069,0.2083,0.0898,0.0723,0.0077,0.0044,0.0924,0.0825,0.9786,0.7190000000000001,0.0121,0.0,0.2069,0.1667,0.2083,0.0918,0.079,0.091,0.0078,0.0047,0.0916,0.0795,0.9786,0.7115,0.012,0.0,0.2069,0.1667,0.2083,0.0913,0.0735,0.0889,0.0078,0.0045,reg oper account,block of flats,Panel,No,0.0,0.0,0.0,0.0,-468.0,0,0,0,0,0,0,0,0,0,0,0,0,0,0,0,0,0,5625000.0,3477814.38,0.0,0.0,0.0,2.0
100027,0,Cash loans,225000.0,Unaccompanied,0.006296,-9012.0,1,0,1,1,0,FRIDAY,12,0,0,0,0.0848,0.9876,0.83,0.1064,0.14,0.1207,0.4167,0.2371,0.1173,0.0019,0.0007,0.1261,0.0754,0.9876,0.8367,0.0,0.1208,0.1034,0.375,0.4167,0.2425,0.1102,0.0923,0.0,0.0,0.1457,0.0848,0.9876,0.8323,0.1071,0.14,0.1207,0.375,0.4167,0.2412,0.1193,0.151,0.0019,0.0007,org spec account,block of flats,Mixed,No,0.0,0.0,0.0,0.0,-795.0,0,0,0,0,0,0,0,0,0,0,0,0,0,0,0,0,0,625297.5,376713.0,5130.0,0.0,0.0,1.0
100029,0,Cash loans,247500.0,Unaccompanied,0.026392,-108.0,1,0,1,0,0,THURSDAY,14,0,0,0,0.1455,0.9861,0.8096,0.0212,0.0,0.3103,0.2083,0.0861,0.1168,0.0,0.0043,0.146,0.1509,0.9861,0.8171,0.0214,0.0,0.3103,0.1667,0.2083,0.0881,0.1276,0.1268,0.0,0.0045,0.1447,0.1455,0.9861,0.8121,0.0214,0.0,0.3103,0.1667,0.2083,0.0876,0.1189,0.1239,0.0,0.0044,reg oper account,block of flats,Panel,No,1.0,1.0,1.0,0.0,-4.0,0,0,0,0,0,0,0,0,0,0,0,0,0,0,0,0,0,7428033.0,3682287.0,,0.0,0.0,1.0
100030,0,Cash loans,225000.0,Unaccompanied,0.028663,-2419.0,1,0,1,1,0,SATURDAY,8,0,0,0,0.0147,0.9781,0.7008,0.001,0.0,0.1379,0.0417,0.0498,0.0588,0.0,0.0,0.0735,0.0153,0.9782,0.7125,0.001,0.0,0.1379,0.1667,0.0417,0.0509,0.0643,0.0698,0.0,0.0,0.0729,0.0147,0.9781,0.7048,0.001,0.0,0.1379,0.1667,0.0417,0.0506,0.0599,0.0682,0.0,0.0,reg oper account,block of flats,"Stone, brick",No,0.0,0.0,0.0,0.0,0.0,0,0,0,0,0,0,0,0,0,0,0,0,0,0,0,0,0,643430.97,451642.5,0.0,0.0,0.0,2.0
100031,1,Cash loans,702000.0,Unaccompanied,0.018029,-6573.0,1,0,1,0,0,MONDAY,9,0,0,0,0.0089,0.9732,,,0.0,0.069,,0.0265,,,0.0,0.0168,0.0092,0.9732,,,0.0,0.069,0.0417,,0.0271,,0.0083,,0.0,0.0167,0.0089,0.9732,,,0.0,0.069,0.0417,,0.027,,0.0096,,0.0,,block of flats,Wooden,Yes,10.0,1.0,10.0,0.0,-161.0,0,0,0,0,0,0,0,0,0,0,0,1,0,0,0,0,0,3970651.5,1125000.0,,0.0,0.0,3.0
100032,0,Cash loans,270000.0,Family,0.019101,-5782.0,1,0,1,0,0,SATURDAY,10,0,0,0,,,,,,,,,,,,,,,,,,,,,,,,,,,,,,,,,,,,,,,,,,,,2.0,0.0,2.0,0.0,-2.0,0,0,0,0,0,0,0,0,0,0,0,0,0,0,0,0,0,1271160.0,0.0,0.0,0.0,0.0,1.0
100033,0,Cash loans,675000.0,Unaccompanied,0.04622,-4668.0,1,0,1,0,1,WEDNESDAY,11,0,1,1,,,,,,,,,,,,,,,,,,,,,,,,,,,,,,,,,,,,,,,,,,,,0.0,0.0,0.0,0.0,-849.0,0,0,0,0,0,0,0,0,0,0,0,0,0,0,0,0,0,675000.0,0.0,,0.0,0.0,1.0
100034,0,Revolving loans,180000.0,Unaccompanied,0.030755,-4799.0,1,0,1,0,0,TUESDAY,16,0,0,0,0.0838,0.9831,0.7688,0.0188,0.16,0.1379,0.375,0.0872,0.121,0.0077,0.0061,0.1534,0.087,0.9831,0.7779,0.019,0.1611,0.1379,0.3333,0.375,0.0892,0.1322,0.1471,0.0078,0.0065,0.152,0.0838,0.9831,0.7719,0.0189,0.16,0.1379,0.3333,0.375,0.0887,0.1231,0.1437,0.0078,0.0063,reg oper account,block of flats,Panel,No,0.0,0.0,0.0,0.0,-599.0,0,0,0,0,0,0,0,0,0,0,0,0,0,0,0,0,0,,,,,,
100035,0,Cash loans,477000.0,Unaccompanied,0.025164,-5266.0,1,0,1,0,1,WEDNESDAY,13,0,0,0,,0.9697,,,0.0,0.069,,,,,0.0,0.0126,,0.9697,,,0.0,0.069,0.0417,,,,0.0155,,0.0,0.0125,,0.9697,,,0.0,0.069,0.0417,,,,0.0152,,0.0,,block of flats,Others,No,0.0,0.0,0.0,0.0,-1634.0,0,0,0,0,0,0,0,0,0,0,0,0,0,0,0,0,0,3545085.42,2054371.5,22518.0,0.0,0.0,5.0
100036,0,Cash loans,360000.0,Family,0.008575,-7846.0,1,0,1,0,0,TUESDAY,12,0,0,0,0.3751,0.9901,,,0.28,0.4828,,0.1569,,,,0.3739,0.3893,0.9901,,,0.282,0.4828,0.375,,0.1604,,0.2682,,,0.3706,0.3751,0.9901,,,0.28,0.4828,0.375,,0.1596,,0.262,,,,block of flats,Block,No,2.0,0.0,2.0,0.0,-397.0,0,0,0,0,0,0,0,0,0,0,0,0,0,0,0,0,0,94959.0,8339.355,,0.0,0.0,1.0
100037,0,Cash loans,180000.0,Unaccompanied,0.010032,-7123.0,1,1,1,0,0,SATURDAY,11,0,0,0,,0.9801,,,0.0,0.2069,,,,,0.0436,0.0945,,0.9801,,,0.0,0.2069,0.1667,,,,0.0627,,0.0461,0.0937,,0.9801,,,0.0,0.2069,0.1667,,,,0.0613,,0.0445,,block of flats,Panel,No,0.0,0.0,0.0,0.0,-2766.0,0,0,0,0,0,0,0,0,0,0,0,0,0,0,0,0,0,592132.5,0.0,0.0,0.0,0.0,1.0
100039,0,Cash loans,679500.0,Unaccompanied,0.015221,-3557.0,1,0,1,0,0,THURSDAY,10,0,0,0,,,,,,,,,,,,,,,,,,,,,,,,,,,,,,,,,,,,,,,,,,,,2.0,0.0,2.0,0.0,-697.0,0,0,0,0,0,0,0,0,0,0,0,0,0,0,0,0,0,4489092.0,2438748.0,,0.0,0.0,3.0
100040,0,Cash loans,1125000.0,Unaccompanied,0.0196889999999999,-5735.0,1,0,1,0,0,FRIDAY,14,0,0,0,0.0804,0.9762,0.6736,0.0056,0.0,0.1379,0.2083,0.038,0.0672,0.0,0.0,0.084,0.0835,0.9762,0.6864,0.0057,0.0,0.1379,0.1667,0.2083,0.0389,0.0735,0.0664,0.0,0.0,0.0833,0.0804,0.9762,0.6779999999999999,0.0057,0.0,0.1379,0.1667,0.2083,0.0387,0.0684,0.0648,0.0,0.0,reg oper account,block of flats,"Stone, brick",No,0.0,0.0,0.0,0.0,-3019.0,0,0,0,0,0,0,0,0,0,0,0,0,0,0,0,0,0,,,,,,
100041,0,Cash loans,450000.0,Unaccompanied,0.008575,-6265.0,1,1,1,1,0,MONDAY,19,0,0,0,0.0792,0.9861,0.8096,,0.0,0.1724,,0.0888,,,,0.0966,0.0822,0.9861,0.8171,,0.0,0.1724,0.1667,,0.0908,,0.0606,,,0.0958,0.0792,0.9861,0.8121,,0.0,0.1724,0.1667,,0.0903,,0.0592,,,reg oper account,block of flats,"Stone, brick",No,0.0,0.0,0.0,0.0,-1285.0,0,0,0,0,0,0,0,0,0,0,0,0,0,0,0,0,0,822305.16,0.0,5830.965,0.0,0.0,1.0
100043,0,Cash loans,553500.0,Unaccompanied,0.01885,-63.0,1,1,1,1,0,THURSDAY,13,0,0,0,,,,,,,,,,,,,,,,,,,,,,,,,,,,,,,,,,,,,,,,,,,,0.0,0.0,0.0,0.0,-2411.0,0,0,0,0,0,0,0,0,0,0,0,0,0,0,0,0,0,333720.0,0.0,0.0,0.0,0.0,0.0
100044,0,Cash loans,454500.0,Unaccompanied,0.030755,-5474.0,1,0,1,1,0,FRIDAY,10,0,0,0,,,,,,,,,,,,,,,,,,,,,,,,,,,,,,,,,,,,,,,,,,,,0.0,0.0,0.0,0.0,-1541.0,0,0,0,0,0,0,0,0,0,0,0,0,0,0,0,0,0,2329694.46,1147764.6,18406.935,0.0,0.0,6.0
100045,0,Cash loans,225000.0,Unaccompanied,0.006207,-9817.0,1,0,1,1,0,FRIDAY,11,0,0,0,,0.9851,,,0.04,0.0345,,0.0566,,,,,,0.9851,,,0.0403,0.0345,0.3333,,0.0579,,0.096,,,,,0.9851,,,0.04,0.0345,0.3333,,0.0576,,0.0938,,,,block of flats,"Stone, brick",No,0.0,0.0,0.0,0.0,0.0,0,0,0,0,0,0,0,0,0,0,0,0,0,0,0,0,0,438054.39,89351.46,0.0,0.0,0.0,1.0
100046,0,Revolving loans,540000.0,Unaccompanied,0.025164,-8236.0,1,0,1,0,0,TUESDAY,8,0,0,0,0.0994,0.9831,0.7688,0.0142,0.0,0.2069,0.2083,0.1404,0.0656,0.0039,0.0227,0.083,0.1032,0.9831,0.7779,0.0143,0.0,0.2069,0.1667,0.2083,0.1436,0.0716,0.0804,0.0039,0.0241,0.0822,0.0994,0.9831,0.7719,0.0143,0.0,0.2069,0.1667,0.2083,0.1429,0.0667,0.0785,0.0039,0.0232,org spec account,block of flats,"Stone, brick",No,1.0,0.0,1.0,0.0,-540.0,0,0,0,0,0,0,0,0,0,0,0,0,0,0,0,0,0,12637260.0,0.0,,0.0,0.0,1.0
100047,1,Cash loans,855000.0,Unaccompanied,0.025164,-1182.0,1,0,1,0,0,TUESDAY,9,0,0,0,0.125,0.996,0.9456,0.0822,0.16,0.1379,0.2917,0.0142,0.1059,0.0039,0.0078,0.1334,0.1297,0.996,0.9477,0.083,0.1611,0.1379,0.25,0.2917,0.0145,0.1157,0.132,0.0039,0.0082,0.1322,0.125,0.996,0.9463,0.0827,0.16,0.1379,0.25,0.2917,0.0144,0.1077,0.129,0.0039,0.0079,org spec account,block of flats,"Stone, brick",No,0.0,0.0,0.0,0.0,-1075.0,0,0,0,0,0,0,0,0,0,0,0,0,0,0,0,0,0,9527634.0,3220456.5,13518.675,0.0,0.0,3.0
100048,0,Cash loans,540000.0,Unaccompanied,0.009175,-3148.0,1,0,1,1,0,MONDAY,12,0,1,1,,,,,,,,,,,,,,,,,,,,,,,,,,,,,,,,,,,,,,,,,,,,4.0,0.0,4.0,0.0,-458.0,0,0,0,0,0,0,0,0,0,0,0,0,0,0,0,0,0,22905.0,0.0,0.0,0.0,0.0,0.0
100049,1,Cash loans,238500.0,Unaccompanied,0.007305,-45.0,1,1,1,1,0,THURSDAY,11,0,0,0,,,,,,,,,,,,,,,,,,,,,,,,,,,,,,,,,,,,,,,,,,,,1.0,0.0,1.0,0.0,-1480.0,0,0,0,0,0,0,0,0,0,0,0,0,0,0,0,0,0,851747.85,552442.5,0.0,0.0,0.0,5.0
100050,0,Cash loans,675000.0,Unaccompanied,0.010966,-5745.0,1,0,1,0,0,WEDNESDAY,9,0,0,0,0.1232,0.9851,0.7959999999999999,0.0528,0.24,0.2069,0.375,0.1154,0.1774,0.0039,0.0051,0.2227,0.1279,0.9851,0.804,0.0533,0.2417,0.2069,0.3333,0.375,0.1181,0.1938,0.2202,0.0039,0.0054,0.2207,0.1232,0.9851,0.7987,0.0531,0.24,0.2069,0.3333,0.375,0.1175,0.1804,0.2151,0.0039,0.0052,reg oper spec account,block of flats,Panel,No,0.0,0.0,0.0,0.0,-491.0,0,0,0,0,0,0,0,0,0,0,0,0,0,0,0,0,0,742741.38,0.0,,0.0,0.0,0.0
100051,0,Cash loans,598500.0,Unaccompanied,0.007114,-4166.0,1,1,1,0,0,WEDNESDAY,12,0,0,0,,,,,,,,,,,,,,,,,,,,,,,,,,,,,,,,,,,,,,,,,,,,1.0,0.0,1.0,0.0,-556.0,0,0,0,0,0,0,0,0,0,0,0,0,0,0,0,0,0,,,,,,
100052,0,Revolving loans,180000.0,Family,0.009334,-6591.0,1,1,1,0,0,MONDAY,10,0,0,0,,,,,,,,,,,,,,,,,,,,,,,,,,,,,,,,,,,,,,,,,,,,1.0,1.0,1.0,1.0,-462.0,0,0,0,0,0,0,0,0,0,0,0,0,0,0,0,0,0,,,,,,
100053,0,Cash loans,252000.0,Family,0.0196889999999999,-7760.0,1,0,1,0,0,MONDAY,8,0,0,0,,,,,,,,,,,,,,,,,,,,,,,,,,,,,,,,,,,,,,,,,,,,0.0,0.0,0.0,0.0,-649.0,0,0,0,0,0,0,0,0,0,0,0,0,0,0,0,0,0,675508.5,0.0,,0.0,0.0,1.0
100054,0,Cash loans,225000.0,Unaccompanied,0.022625,-9197.0,1,1,1,1,0,WEDNESDAY,16,0,0,0,,,,,,,,,,,,,,,,,,,,,,,,,,,,,,,,,,,,,,,,,,,,4.0,0.0,4.0,0.0,-1247.0,0,0,0,0,0,0,0,0,0,0,0,0,0,0,0,0,0,104692.5,0.0,0.0,0.0,0.0,1.0
100055,0,Cash loans,1350000.0,Unaccompanied,0.020713,-6225.0,1,1,1,1,0,THURSDAY,10,0,0,0,,,,,,,,,,,,,,,,,,,,,,,,,,,,,,,,,,,,,,,,,,,,0.0,0.0,0.0,0.0,-784.0,0,0,0,0,0,0,0,0,0,0,0,0,0,0,0,0,0,2826732.015,1244438.055,0.0,0.0,0.0,4.0
100056,0,Cash loans,1350000.0,Unaccompanied,0.010006,-5504.0,1,0,1,0,0,THURSDAY,10,0,0,0,,,,,,,,,,,,,,,,,,,,,,,,,,,,,,,,,,,,,,,,,,,,1.0,1.0,1.0,1.0,-1498.0,0,0,0,0,0,0,0,0,0,0,0,0,0,0,0,0,0,,,,,,
100058,0,Revolving loans,135000.0,Unaccompanied,0.0145199999999999,-1149.0,1,0,0,0,0,THURSDAY,9,0,0,0,0.0442,0.998,,,0.08,0.0552,0.45,0.0085,,,0.016,0.0441,0.0306,0.998,,,0.0806,0.069,0.375,0.4167,0.0078,,0.0487,,0.0168,0.0822,0.0408,0.998,,,0.08,0.069,0.375,0.4167,0.0087,,0.0747,,0.0163,,block of flats,Panel,No,0.0,0.0,0.0,0.0,0.0,0,0,0,0,0,0,0,0,0,0,0,0,0,1,0,0,0,810000.0,258597.0,,0.0,0.0,2.0
100059,0,Cash loans,675000.0,Unaccompanied,0.026392,-3904.0,1,0,1,1,0,TUESDAY,10,0,0,0,0.2491,0.9811,0.7416,,0.88,0.3793,0.0,0.3977,,,0.0487,0.541,0.2585,0.9811,0.7517,,0.8862,0.3793,0.4583,0.0,0.4067,,0.6124,,0.0516,0.5361,0.2491,0.9811,0.7451,,0.88,0.3793,0.4583,0.0,0.4046,,0.5983,,0.0498,,block of flats,Panel,No,2.0,0.0,2.0,0.0,-1285.0,0,0,0,0,0,0,0,0,0,0,0,0,0,0,0,0,0,2157469.2,980784.0,17087.94,0.0,0.0,1.0
100060,0,Cash loans,454500.0,Unaccompanied,0.028663,-1824.0,1,1,1,0,0,TUESDAY,10,0,0,0,,0.9806,,,,0.1034,,,,,0.0226,0.0231,,0.9806,,,,0.1034,0.0417,,,,0.0119,,0.0239,0.0229,,0.9806,,,,0.1034,0.0417,,,,0.0116,,0.023,,block of flats,"Stone, brick",No,4.0,0.0,4.0,0.0,-466.0,0,0,0,0,0,0,0,0,0,0,0,0,0,0,0,0,0,274641.83999999997,0.0,0.0,0.0,0.0,0.0
100061,0,Cash loans,238500.0,Unaccompanied,0.006629,-2025.0,1,0,1,0,0,THURSDAY,3,0,0,0,,,,,,,,,,,,,,,,,,,,,,,,,,,,,,,,,,,,,,,,,,,,0.0,0.0,0.0,0.0,-570.0,0,0,0,0,0,0,0,0,0,0,0,0,0,0,0,0,0,37741.5,0.0,,0.0,0.0,0.0
100062,0,Cash loans,675000.0,Unaccompanied,0.010006,-6936.0,1,0,1,1,0,TUESDAY,17,0,0,0,0.1678,0.9846,0.7892,,0.24,0.2069,0.375,0.1071,,,0.0151,0.2206,0.1741,0.9846,0.7975,,0.2417,0.2069,0.3333,0.375,0.1095,,,,0.016,0.2186,0.1678,0.9846,0.792,,0.24,0.2069,0.3333,0.375,0.1089,,,,0.0154,reg oper account,block of flats,Panel,No,0.0,0.0,0.0,0.0,-462.0,0,0,0,0,0,0,0,0,0,0,0,0,0,0,0,0,0,1081626.12,0.0,,0.0,0.0,0.0
100063,0,Cash loans,666000.0,Unaccompanied,0.022625,-7054.0,1,0,1,1,1,MONDAY,15,0,0,0,0.066,0.9801,0.728,0.0385,0.04,0.0345,0.0417,0.0606,0.0958,0.0039,0.0002,0.1208,0.0685,0.9801,0.7387,0.0388,0.0403,0.0345,0.3333,0.0417,0.062,0.1047,0.0856,0.0039,0.0002,0.1197,0.066,0.9801,0.7316,0.0387,0.04,0.0345,0.3333,0.0417,0.0616,0.0975,0.0837,0.0039,0.0002,reg oper spec account,block of flats,"Stone, brick",No,1.0,1.0,1.0,1.0,-1547.0,0,0,0,0,0,0,0,0,0,0,0,0,0,0,0,0,0,5006331.0,1651888.845,2502.0,0.0,0.0,7.0
100064,0,Cash loans,202500.0,Family,0.019101,-2019.0,1,0,1,0,0,MONDAY,9,0,0,0,,,,,,,,,,,,,,,,,,,,,,,,,,,,,,,,,,,,,,,,,,,,0.0,0.0,0.0,0.0,0.0,0,0,0,0,0,0,0,0,0,0,0,0,0,0,0,0,0,162000.0,95413.5,,0.0,0.0,2.0
100068,0,Revolving loans,247500.0,Unaccompanied,0.031329,-4375.0,1,1,1,1,0,WEDNESDAY,14,0,0,0,0.1572,0.9886,0.8436,0.0029,0.0,0.3448,0.2083,0.0554,0.0992,0.0039,0.0052,0.125,0.1631,0.9886,0.8497,0.0029,0.0,0.3448,0.1667,0.2083,0.0566,0.1084,0.1226,0.0039,0.0055,0.1239,0.1572,0.9886,0.8457,0.0029,0.0,0.3448,0.1667,0.2083,0.0563,0.1009,0.1198,0.0039,0.0053,org spec account,block of flats,Panel,No,2.0,0.0,2.0,0.0,-167.0,0,0,0,0,0,0,0,0,0,0,0,0,0,0,0,0,0,1151753.94,799038.0,5912.865,0.0,0.0,1.0
100069,0,Cash loans,517500.0,Unaccompanied,0.00733,-2128.0,1,0,1,0,0,MONDAY,11,0,1,1,,,,,,,,,,,,,,,,,,,,,,,,,,,,,,,,,,,,,,,,,,,,0.0,0.0,0.0,0.0,-112.0,0,0,0,0,0,0,0,0,0,0,0,0,0,0,0,0,0,6249325.5,3152259.0,0.0,0.0,0.0,2.0
100070,0,Cash loans,1129500.0,Unaccompanied,0.032561,-6846.0,1,1,1,0,0,TUESDAY,14,0,0,0,0.0,0.9354,0.116,0.0076,0.0,0.1172,0.1417,0.0664,0.0202,0.0039,0.0084,0.0063,0.0,0.9136,0.0,0.0006,0.0,0.069,0.0833,0.125,0.0819,0.0055,0.0072,0.0,0.0,0.0104,0.0,0.9136,0.0,0.0015,0.0,0.069,0.0833,0.125,0.0815,0.0086,0.0069999999999999,0.0039,0.0013,reg oper account,block of flats,"Stone, brick",No,0.0,0.0,0.0,0.0,-1377.0,0,0,0,0,0,0,0,0,0,0,0,0,0,0,0,0,0,8758800.0,2249635.5,,0.0,0.0,3.0
100071,0,Cash loans,1588500.0,Family,0.018801,-6755.0,1,0,1,0,0,MONDAY,12,0,0,0,0.0496,0.9841,0.7824,0.0096,0.04,0.0345,0.5,0.0208,0.0698,0.0077,0.021,0.0893,0.0515,0.9841,0.7909,0.0097,0.0403,0.0345,0.4583,0.5,0.0213,0.0762,0.0799,0.0078,0.0222,0.0885,0.0496,0.9841,0.7853,0.0097,0.04,0.0345,0.4583,0.5,0.0212,0.071,0.0781,0.0078,0.0214,reg oper spec account,block of flats,"Stone, brick",No,0.0,0.0,0.0,0.0,-1572.0,0,0,0,0,0,0,0,0,0,0,0,0,0,0,0,0,0,598059.0,0.0,,0.0,0.0,0.0
100072,0,Cash loans,1080000.0,Unaccompanied,0.010006,-4557.0,1,0,1,0,1,TUESDAY,9,0,0,0,0.0955,0.9856,0.8028,0.013,0.0,0.2069,0.2083,0.1147,0.0756,0.0,0.0,0.0945,0.0991,0.9856,0.8105,0.0131,0.0,0.2069,0.1667,0.2083,0.1173,0.0826,0.0951,0.0,0.0,0.0937,0.0955,0.9856,0.8054,0.0131,0.0,0.2069,0.1667,0.2083,0.1167,0.077,0.0929,0.0,0.0,reg oper account,block of flats,Panel,No,0.0,0.0,0.0,0.0,-725.0,0,0,0,0,0,0,0,0,0,0,0,0,0,0,0,0,0,314716.5,0.0,10368.495,0.0,0.0,0.0
100073,0,Cash loans,810000.0,Unaccompanied,0.01885,-1042.0,1,0,1,0,0,THURSDAY,9,0,0,0,0.2309,0.9955,,,0.16,0.1379,,0.1427,,,0.1341,0.1964,0.2396,0.9955,,,0.1611,0.1379,0.6667,,0.1459,,0.2936,,0.142,0.1947,0.2309,0.9955,,,0.16,0.1379,0.6667,,0.1452,,0.2869,,0.1369,,block of flats,"Stone, brick",No,0.0,0.0,0.0,0.0,-2385.0,0,0,0,0,0,0,0,0,0,0,0,0,0,0,0,0,0,2176983.0,1537123.5,54907.965,0.0,0.0,3.0
100075,0,Cash loans,90000.0,Family,0.00496,-5246.0,1,0,1,0,0,MONDAY,14,0,0,0,,,,,,,,,,,,,,,,,,,,,,,,,,,,,,,,,,,,,,,,,,,,0.0,0.0,0.0,0.0,-280.0,0,0,0,0,0,0,0,0,0,0,0,0,0,0,0,0,0,991566.0,547785.0,,0.0,0.0,4.0
100076,0,Cash loans,315000.0,,0.028663,-5448.0,1,0,1,0,0,MONDAY,12,0,0,0,,0.9677,0.5579999999999999,0.0013,0.0,0.069,0.0417,0.0489,0.0101,0.0,0.0,0.0126,,0.9677,0.5753,0.0013,0.0,0.069,0.0417,0.0417,0.05,0.011,0.0105,0.0,0.0,0.0125,,0.9677,0.5639,0.0013,0.0,0.069,0.0417,0.0417,0.0498,0.0103,0.0102,0.0,0.0,reg oper account,block of flats,Block,No,0.0,0.0,0.0,0.0,-3.0,0,0,0,0,0,0,0,0,0,0,0,0,0,0,0,0,0,3296057.58,2610859.995,49170.24,0.0,0.0,3.0
100077,0,Cash loans,900000.0,Unaccompanied,0.072508,-6105.0,1,0,1,0,0,WEDNESDAY,12,0,0,0,0.0993,0.9811,0.7416,0.0,0.16,0.1379,0.375,0.0,0.1168,0.0,0.0207,0.146,0.103,0.9811,0.7517,0.0,0.1611,0.1379,0.3333,0.375,0.0,0.1276,0.1425,0.0,0.0219,0.1447,0.0993,0.9811,0.7451,0.0,0.16,0.1379,0.3333,0.375,0.0,0.1189,0.1392,0.0,0.0211,reg oper account,block of flats,Panel,No,4.0,0.0,4.0,0.0,-295.0,0,0,0,0,0,0,0,0,0,0,0,0,0,0,0,0,0,687456.0,257926.5,0.0,0.0,0.0,1.0
100078,0,Cash loans,1035000.0,Unaccompanied,0.028663,-6836.0,1,0,1,0,0,TUESDAY,9,0,0,0,,,,,,,,,,,,,,,,,,,,,,,,,,,,,,,,,,,,,,,,,,,,0.0,0.0,0.0,0.0,-1594.0,0,0,0,0,0,0,0,0,0,0,0,0,0,0,0,0,0,1143000.0,537165.0,0.0,0.0,0.0,1.0
100079,0,Revolving loans,270000.0,Unaccompanied,0.00733,-5076.0,1,0,1,0,0,THURSDAY,9,0,0,0,,,,,,,,,,,,,,,,,,,,,,,,,,,,,,,,,,,,,,,,,,,,0.0,0.0,0.0,0.0,-662.0,0,0,0,0,0,0,0,0,0,0,0,0,0,0,0,0,0,60781.5,0.0,,0.0,0.0,0.0
100080,0,Revolving loans,450000.0,Unaccompanied,0.010966,-8118.0,1,0,1,0,0,SUNDAY,10,0,0,0,0.1455,0.9891,0.8504,0.0443,0.24,0.2069,0.375,0.1343,0.1774,0.0,0.0039,0.2216,0.1509,0.9891,0.8563,0.0447,0.2417,0.2069,0.3333,0.375,0.1373,0.1938,0.2218,0.0,0.0041,0.2196,0.1455,0.9891,0.8524,0.0445,0.24,0.2069,0.3333,0.375,0.1366,0.1804,0.2167,0.0,0.004,reg oper spec account,block of flats,Panel,No,,,,,-1711.0,0,0,0,0,0,0,0,0,0,0,0,0,0,0,0,0,0,30150.0,0.0,,0.0,0.0,0.0
100081,0,Cash loans,450000.0,Unaccompanied,0.0145199999999999,-4809.0,1,0,1,0,0,SATURDAY,9,0,0,0,0.0,0.9752,0.66,0.0068,0.0,0.1379,0.2083,0.0483,0.0538,0.0039,0.0465,0.0683,0.0,0.9752,0.6733,0.0069,0.0,0.1379,0.1667,0.2083,0.0494,0.0588,0.0528,0.0039,0.0492,0.0677,0.0,0.9752,0.6645,0.0069,0.0,0.1379,0.1667,0.2083,0.0491,0.0547,0.0516,0.0039,0.0475,reg oper account,block of flats,"Stone, brick",No,1.0,0.0,1.0,0.0,-2519.0,0,0,0,0,0,0,0,0,0,0,0,0,0,0,0,0,0,,,,,,
100082,0,Cash loans,450000.0,Unaccompanied,0.01885,-1377.0,1,1,1,1,0,MONDAY,12,0,0,0,0.0487,0.9826,0.762,0.0085,0.0,0.1379,0.2083,0.0176,0.0588,0.0,0.0,0.0735,0.0505,0.9826,0.7713,0.0086,0.0,0.1379,0.1667,0.2083,0.018,0.0643,0.0526,0.0,0.0,0.0729,0.0487,0.9826,0.7652,0.0086,0.0,0.1379,0.1667,0.2083,0.0179,0.0599,0.0514,0.0,0.0,reg oper spec account,block of flats,Panel,No,0.0,0.0,0.0,0.0,-1003.0,0,0,0,0,0,0,0,0,0,0,0,0,0,0,0,0,0,10393996.41,2384752.41,31707.0,0.0,1.0,5.0
100083,0,Cash loans,463500.0,Unaccompanied,0.0096569999999999,-341.0,1,0,1,0,0,MONDAY,18,0,0,0,0.1291,0.9861,0.8096,0.108,0.04,0.0345,0.375,0.0,0.1194,0.0,0.0,0.1492,0.134,0.9861,0.8171,0.109,0.0403,0.0345,0.3333,0.375,0.0,0.1304,0.0972,0.0,0.0,0.1478,0.1291,0.9861,0.8121,0.1087,0.04,0.0345,0.3333,0.375,0.0,0.1214,0.0949,0.0,0.0,reg oper account,block of flats,"Stone, brick",No,2.0,1.0,2.0,1.0,-2053.0,0,0,0,0,0,0,0,0,0,0,0,0,0,0,0,0,0,3237880.5,1756003.5,,0.0,0.0,1.0
100084,0,Cash loans,459000.0,Unaccompanied,0.02461,-23.0,1,0,1,0,0,FRIDAY,10,0,0,0,0.0,0.9727,0.626,,0.0,0.069,,0.0249,,,0.0,0.0168,0.0,0.9727,0.6406,,0.0,0.069,0.0417,,0.0255,,0.0114,,0.0,0.0167,0.0,0.9727,0.631,,0.0,0.069,0.0417,,0.0254,,0.0112,,0.0,,block of flats,Block,No,1.0,0.0,1.0,0.0,-1475.0,0,0,0,0,0,0,0,0,0,0,0,1,0,0,0,0,0,98100.0,0.0,,0.0,0.0,0.0
100085,0,Cash loans,675000.0,Unaccompanied,0.016612,-3253.0,1,1,1,0,0,WEDNESDAY,12,0,0,0,,,,,,,,,,,,,,,,,,,,,,,,,,,,,,,,,,,,,,,,,,,,7.0,0.0,7.0,0.0,-1175.0,0,0,0,0,0,0,0,0,0,0,0,1,0,0,0,0,0,1427197.5,697500.0,0.0,0.0,0.0,2.0
100086,0,Cash loans,675000.0,Unaccompanied,0.019101,-4327.0,1,0,1,0,0,THURSDAY,12,0,0,0,,,,,,,,,,,,,,,,,,,,,,,,,,,,,,,,,,,,,,,,,,,,0.0,0.0,0.0,0.0,-1597.0,0,0,0,0,0,0,0,0,0,0,0,0,0,0,0,0,0,1077934.95,404028.0,14453.865,0.0,0.0,4.0
100087,0,Cash loans,1125000.0,Unaccompanied,0.003069,-1529.0,1,0,1,0,0,FRIDAY,11,0,0,0,,,,,,,,,,,,,,,,,,,,,,,,,,,,,,,,,,,,,,,,,,,,2.0,1.0,2.0,1.0,-1230.0,0,0,0,0,0,0,0,0,0,0,0,0,0,0,0,0,0,677005.515,285748.515,10404.18,0.0,0.0,3.0
100088,0,Revolving loans,135000.0,Unaccompanied,0.0228,-4623.0,1,0,1,0,0,THURSDAY,15,0,0,0,,,,,,,,,,,,,,,,,,,,,,,,,,,,,,,,,,,,,,,,,,,,0.0,0.0,0.0,0.0,-1537.0,0,0,0,0,0,0,0,0,0,0,0,0,0,0,0,0,0,1777500.0,403969.5,,0.0,0.0,2.0
100089,0,Cash loans,256500.0,Unaccompanied,0.025164,-4437.0,1,0,1,1,0,TUESDAY,12,0,0,0,0.0752,0.6508,0.6736,0.008,0.0,0.1379,0.2083,0.0671,0.0664,0.0039,0.0029,0.063,0.0653,0.0,0.6864,0.0081,0.0,0.1379,0.1667,0.2083,0.0581,0.0725,0.0555,0.0039,0.0031,0.0729,0.08,0.9762,0.6779999999999999,0.0081,0.0,0.1379,0.1667,0.2083,0.0659,0.0676,0.0701,0.0039,0.003,reg oper account,block of flats,Panel,No,2.0,0.0,2.0,0.0,-92.0,0,0,0,0,0,0,0,0,0,0,0,0,0,0,0,0,0,116545.5,0.0,9283.5,0.0,0.0,0.0
100093,0,Cash loans,585000.0,Unaccompanied,0.028663,-1701.0,1,0,1,1,0,TUESDAY,16,0,0,0,,,,,,,,,,,,,,,,,,,,,,,,,,,,,,,,,,,,,,,,,,,,0.0,0.0,0.0,0.0,0.0,0,0,0,0,0,0,0,0,0,0,0,0,0,0,0,0,0,90000.0,0.0,0.0,0.0,0.0,0.0
100094,0,Cash loans,90000.0,Unaccompanied,0.030755,-12623.0,1,0,1,0,0,THURSDAY,10,0,0,0,0.0669,0.9578,,,0.0,0.3103,,0.0663,,,0.0427,0.1502,0.0694,0.9578,,,0.0,0.3103,0.2083,,0.0679,,0.1717,,0.0452,0.1489,0.0669,0.9578,,,0.0,0.3103,0.2083,,0.0675,,0.1678,,0.0436,,block of flats,"Stone, brick",No,3.0,0.0,3.0,0.0,-260.0,0,0,0,0,0,0,0,0,0,0,0,0,0,0,0,0,0,855000.0,611335.575,0.0,0.0,0.0,3.0
100095,0,Revolving loans,135000.0,Unaccompanied,0.020246,-10255.0,1,0,1,1,0,THURSDAY,8,0,0,0,,,,,,,,,,,,,,,,,,,,,,,,,,,,,,,,,,,,,,,,,,,,0.0,0.0,0.0,0.0,-1040.0,0,0,0,0,0,0,0,0,0,0,0,0,0,0,0,0,0,,,,,,
100096,1,Cash loans,252000.0,Unaccompanied,0.028663,-5391.0,1,0,1,0,0,THURSDAY,10,0,0,0,,,,,,,,,,,,,,,,,,,,,,,,,,,,,,,,,,,,,,,,,,,,1.0,1.0,1.0,1.0,0.0,0,0,0,0,0,0,0,0,0,0,0,0,0,0,0,0,0,65610.0,0.0,,0.0,0.0,0.0
100097,0,Cash loans,679500.0,Unaccompanied,0.035792,-3500.0,1,0,1,0,0,THURSDAY,10,0,0,0,,,,,,,,,,,,,,,,,,,,,,,,,,,,,,,,,,,,,,,,,,,,6.0,0.0,6.0,0.0,-371.0,0,0,0,0,0,0,0,0,0,0,0,0,0,0,0,0,0,319293.18,86526.0,0.0,0.0,0.0,1.0
100098,0,Revolving loans,270000.0,Unaccompanied,0.01885,-7211.0,1,0,1,0,0,WEDNESDAY,9,0,0,0,,,,,,,,,,,,,,,,,,,,,,,,,,,,,,,,,,,,,,,,,,,,0.0,0.0,0.0,0.0,-617.0,0,0,0,0,0,0,0,0,0,0,0,0,0,0,0,0,0,,,,,,
100099,0,Cash loans,679500.0,Unaccompanied,0.009175,-9506.0,1,0,1,0,0,THURSDAY,12,1,0,0,0.0108,0.9742,,,0.0,0.1034,,0.0292,,,0.0148,0.0462,0.0112,0.9742,,,0.0,0.1034,0.125,,0.0299,,0.0375,,0.0157,0.0458,0.0108,0.9742,,,0.0,0.1034,0.125,,0.0297,,0.0367,,0.0152,,block of flats,"Stone, brick",No,4.0,0.0,4.0,0.0,0.0,0,0,0,0,0,0,0,0,0,0,0,0,0,0,0,0,0,2692174.5,185535.0,0.0,0.0,0.0,5.0
100100,0,Cash loans,643500.0,Unaccompanied,0.008019,-3134.0,1,0,1,0,1,FRIDAY,17,0,0,0,,,,,,,,,,,,,,,,,,,,,,,,,,,,,,,,,,,,,,,,,,,,0.0,0.0,0.0,0.0,-1876.0,0,0,0,0,0,0,0,0,0,0,0,0,0,0,0,0,0,3163743.45,0.0,,0.0,0.0,0.0
100101,0,Cash loans,283500.0,Unaccompanied,0.072508,-7421.0,1,0,1,0,0,WEDNESDAY,13,0,0,0,,,,,,,,,,,,,,,,,,,,,,,,,,,,,,,,,,,,,,,,,,,,0.0,0.0,0.0,0.0,-1585.0,0,0,0,0,0,0,0,0,0,0,0,0,0,0,0,0,0,,,,,,
100102,0,Cash loans,270000.0,Unaccompanied,0.02461,-6913.0,1,0,1,1,0,SUNDAY,13,0,0,0,,0.9722,0.6192,,,0.0345,0.0417,0.0144,0.0034,0.0,0.0,0.0042,,0.9722,0.6341,,,0.0345,0.0,0.0417,0.0147,0.0037,0.005,0.0,0.0,0.0042,,0.9722,0.6243,,,0.0345,0.0,0.0417,0.0146,0.0034,0.0049,0.0,0.0,reg oper account,block of flats,Others,No,1.0,0.0,1.0,0.0,-2.0,0,0,0,0,0,0,0,0,0,0,0,1,0,0,0,0,0,1473232.5,694314.0,0.0,0.0,0.0,2.0
100103,0,Cash loans,450000.0,Unaccompanied,0.009175,-6057.0,1,1,1,0,0,FRIDAY,12,0,0,0,,,,,,,,,,,,,,,,,,,,,,,,,,,,,,,,,,,,,,,,,,,,4.0,0.0,4.0,0.0,0.0,0,0,0,0,0,0,0,0,0,0,0,0,0,0,0,0,0,445834.35,12307.5,20520.0,0.0,0.0,1.0
100104,0,Cash loans,472500.0,Unaccompanied,0.022625,-6769.0,1,0,1,1,0,WEDNESDAY,17,0,0,0,,,,,,,,,,,,,,,,,,,,,,,,,,,,,,,,,,,,,,,,,,,,1.0,0.0,1.0,0.0,-2591.0,0,0,0,0,0,0,0,0,0,0,0,0,0,0,0,0,0,765000.0,0.0,,0.0,0.0,0.0
100105,0,Cash loans,225000.0,Unaccompanied,0.031329,-4493.0,1,1,1,1,0,TUESDAY,11,0,0,0,,,,,,,,,,,,,,,,,,,,,,,,,,,,,,,,,,,,,,,,,,,,0.0,0.0,0.0,0.0,-1733.0,0,0,0,0,0,0,0,0,0,0,0,0,0,0,0,0,0,1663635.42,18774.0,10080.0,0.0,0.0,1.0
100108,0,Cash loans,450000.0,Unaccompanied,0.006629,-5146.0,1,1,1,1,0,WEDNESDAY,11,0,0,0,,,,,,,,,,,,,,,,,,,,,,,,,,,,,,,,,,,,,,,,,,,,3.0,0.0,3.0,0.0,-546.0,0,0,0,0,0,0,0,0,0,0,0,0,0,0,0,0,0,648661.5,40878.0,0.0,0.0,0.0,2.0
100110,0,Cash loans,337500.0,Unaccompanied,0.035792,-442.0,1,0,1,0,0,WEDNESDAY,9,0,0,0,,,,,,,,,,,,,,,,,,,,,,,,,,,,,,,,,,,,,,,,,,,,0.0,0.0,0.0,0.0,0.0,0,0,0,0,0,0,0,0,0,0,0,0,0,0,0,0,0,65511.0,52820.595,0.0,0.0,0.0,1.0
100111,0,Cash loans,720000.0,Unaccompanied,0.0228,-4628.0,1,0,1,0,0,MONDAY,11,0,0,0,0.1186,0.9876,0.83,,0.32,0.2759,0.375,0.0856,,,0.1749,0.2668,0.1231,0.9876,0.8367,,0.3222,0.2759,0.3333,0.375,0.0876,,0.2787,,0.1852,0.2644,0.1186,0.9876,0.8323,,0.32,0.2759,0.3333,0.375,0.0871,,0.2723,,0.1786,reg oper account,block of flats,"Stone, brick",No,1.0,0.0,1.0,0.0,-1234.0,0,0,0,0,0,0,0,0,0,0,0,0,0,0,0,0,0,2505821.715,104072.31,21550.5,0.0,1.0,3.0
100112,1,Cash loans,900000.0,Family,0.030755,-4802.0,1,0,1,0,0,SUNDAY,13,0,0,0,,,,,,,,,,,,,,,,,,,,,,,,,,,,,,,,,,,,,,,,,,,,0.0,0.0,0.0,0.0,-591.0,0,0,0,0,0,0,0,0,0,0,0,0,0,0,0,0,0,130500.0,85648.5,,0.0,0.0,2.0
100113,0,Cash loans,135000.0,Unaccompanied,0.028663,-9176.0,1,1,1,0,0,MONDAY,10,0,0,0,,,,,,,,,,,,,,,,,,,,,,,,,,,,,,,,,,,,,,,,,,,,0.0,0.0,0.0,0.0,-1981.0,0,0,0,0,0,0,0,0,0,0,0,0,0,0,0,0,0,610722.0,401368.5,,0.0,0.0,2.0
100114,0,Cash loans,225000.0,Unaccompanied,0.030755,-7913.0,1,0,1,0,0,MONDAY,14,0,0,0,,,,,,,,,,,,,,,,,,,,,,,,,,,,,,,,,,,,,,,,,,,,0.0,0.0,0.0,0.0,-227.0,0,0,0,0,0,0,0,0,0,0,0,0,0,0,0,0,0,233777.88,45634.5,3316.815,0.0,0.0,2.0
100115,0,Cash loans,315000.0,"Spouse, partner",0.028663,-3071.0,1,1,1,1,0,SUNDAY,11,0,0,0,0.0,0.9707,,,0.0,0.1034,,0.0671,,,0.0,0.0252,0.0,0.9707,,,0.0,0.1034,0.0417,,0.0686,,0.0253,,0.0,0.025,0.0,0.9707,,,0.0,0.1034,0.0417,,0.0682,,0.0248,,0.0,,block of flats,Block,No,0.0,0.0,0.0,0.0,-40.0,0,0,0,0,0,0,0,0,0,0,0,0,0,0,0,0,0,18513.0,0.0,3420.0,0.0,0.0,0.0
100116,0,Cash loans,900000.0,Unaccompanied,0.010006,-3390.0,1,0,1,0,1,THURSDAY,11,0,0,0,0.4212,0.9975,0.966,,0.12,0.1034,0.375,0.0135,0.1059,0.0656,0.1969,0.1502,0.4371,0.9975,0.9673,,0.1208,0.1034,0.375,0.375,0.0138,0.1157,0.1937,0.0661,0.2084,0.1489,0.4212,0.9975,0.9665,,0.12,0.1034,0.375,0.375,0.0138,0.1077,0.1893,0.066,0.201,reg oper spec account,block of flats,"Stone, brick",No,2.0,0.0,2.0,0.0,-1083.0,0,0,0,0,0,0,0,0,0,0,0,0,0,0,0,0,0,7638393.6,2430413.8200000003,28152.855,0.0,0.0,8.0
100118,0,Cash loans,675000.0,Unaccompanied,0.026392,-217.0,1,0,1,0,0,TUESDAY,15,0,0,0,0.0761,0.996,0.9456,0.0525,0.14,0.1207,0.0417,0.0814,0.1097,0.0058,0.0168,0.0777,0.04,0.996,0.9477,0.0295,0.0806,0.069,0.375,0.0417,0.0501,0.0652,0.0788,0.0,0.0,0.1374,0.0761,0.996,0.9463,0.0529,0.14,0.1207,0.375,0.0417,0.0828,0.1116,0.1567,0.0058,0.0172,reg oper account,block of flats,Panel,No,3.0,2.0,3.0,1.0,0.0,0,0,0,0,0,0,0,0,0,0,0,0,0,0,0,0,0,,,,,,
100119,0,Revolving loans,180000.0,Unaccompanied,0.015221,-4987.0,1,0,1,0,0,SATURDAY,16,0,0,0,,,,,,,,,,,,,,,,,,,,,,,,,,,,,,,,,,,,,,,,,,,,0.0,0.0,0.0,0.0,-149.0,0,0,0,0,0,0,0,0,0,0,0,0,0,0,0,0,0,856227.69,354735.40499999997,5712.57,0.0,0.0,4.0
100120,0,Cash loans,675000.0,Unaccompanied,0.0196889999999999,-4329.0,1,1,1,0,0,FRIDAY,15,0,0,0,,,,,,,,,,,,,,,,,,,,,,,,,,,,,,,,,,,,,,,,,,,,1.0,0.0,1.0,0.0,-17.0,0,0,0,0,0,0,0,0,0,0,0,0,0,0,0,0,0,368910.0,108837.0,,55.0,0.0,2.0
100121,0,Cash loans,679500.0,Unaccompanied,0.018209,-9388.0,1,1,1,1,0,FRIDAY,7,0,0,0,0.1117,0.9781,,,,0.2069,,,,,,,0.1159,0.9782,,,,0.2069,0.1667,,,,0.1028,,,,0.1117,0.9781,,,,0.2069,0.1667,,,,0.1004,,,,,Panel,No,5.0,2.0,5.0,2.0,-319.0,0,0,0,0,0,0,0,0,0,0,0,0,0,0,0,0,0,70571.115,0.0,0.0,0.0,0.0,0.0
100122,0,Cash loans,675000.0,Unaccompanied,0.0228,-550.0,1,0,1,1,0,TUESDAY,11,0,0,0,0.2438,0.999,0.9864,0.1221,0.4264,0.1838,0.625,0.1498,0.2564,0.278,0.0267,0.2174,0.2108,0.999,0.9869,0.0678,0.2417,0.1034,0.5833,0.625,0.0965,0.1534,0.225,0.1556,0.0133,0.3872,0.2032,0.999,0.9866,0.1201,0.4,0.1724,0.5833,0.625,0.104,0.2608,0.3475,0.2601,0.0234,reg oper account,block of flats,Panel,No,5.0,1.0,5.0,1.0,-663.0,0,0,0,0,0,0,0,0,0,0,0,0,0,0,0,0,0,630000.0,0.0,0.0,0.0,0.0,3.0
100123,0,Cash loans,675000.0,Unaccompanied,0.020246,-3917.0,1,1,1,0,0,SATURDAY,16,0,0,0,0.0629,0.9732,0.6328,0.0484,0.0,0.1034,0.2083,0.0314,0.042,0.0193,0.0148,0.0578,0.0652,0.9732,0.6472,0.0488,0.0,0.1034,0.1667,0.2083,0.0322,0.0459,0.0321,0.0195,0.0156,0.0573,0.0629,0.9732,0.6377,0.0487,0.0,0.1034,0.1667,0.2083,0.032,0.0428,0.0313,0.0194,0.0151,reg oper account,block of flats,"Stone, brick",No,0.0,0.0,0.0,0.0,-1689.0,0,0,0,0,0,0,0,0,0,0,0,0,0,0,0,0,0,1223773.11,527287.4550000001,0.0,0.0,0.0,3.0
100124,0,Cash loans,396000.0,Unaccompanied,0.072508,-7040.0,1,0,1,1,1,WEDNESDAY,17,0,0,0,0.1785,0.9786,0.7076,0.0,0.32,0.2759,0.375,0.0,0.2412,0.0,0.0061,0.3015,0.1853,0.9786,0.7190000000000001,0.0,0.3222,0.2759,0.3333,0.375,0.0,0.2635,0.2805,0.0,0.0064,0.2987,0.1785,0.9786,0.7115,0.0,0.32,0.2759,0.3333,0.375,0.0,0.2454,0.2741,0.0,0.0062,reg oper account,block of flats,Panel,No,0.0,0.0,0.0,0.0,-1080.0,0,0,0,0,0,0,0,0,0,0,0,0,0,0,0,0,0,742500.0,0.0,,0.0,0.0,0.0
100125,0,Cash loans,238500.0,Unaccompanied,0.009549,-2376.0,1,0,1,1,0,MONDAY,11,0,0,0,,,,,,,,,,,,,,,,,,,,,,,,,,,,,,,,,,,,,,,,,,,,0.0,0.0,0.0,0.0,-1165.0,0,0,0,0,0,0,0,0,0,0,0,0,0,0,0,0,0,243499.5,8559.0,0.0,0.0,0.0,1.0
100126,0,Revolving loans,180000.0,Family,0.04622,-2124.0,1,1,1,0,0,FRIDAY,21,0,0,0,0.0309,0.9732,,,,0.069,,,,,,0.0168,0.0321,0.9732,,,,0.069,0.0417,,,,0.0131,,,0.0167,0.0309,0.9732,,,,0.069,0.0417,,,,0.0128,,,,block of flats,"Stone, brick",No,1.0,1.0,1.0,1.0,-1091.0,0,0,0,0,0,0,0,0,0,0,0,0,0,0,0,0,0,1041750.0,685741.5,,0.0,0.0,1.0
100127,0,Cash loans,45000.0,Unaccompanied,0.02461,-10150.0,1,0,1,1,0,FRIDAY,7,0,0,0,0.0,0.9861,0.8096,,0.08,0.069,0.0417,0.0435,0.0605,0.0,0.0,0.0756,0.0,0.9861,0.8171,,0.0806,0.069,0.3333,0.0417,0.0445,0.0661,0.0766,0.0,0.0,0.0749,0.0,0.9861,0.8121,,0.08,0.069,0.3333,0.0417,0.0443,0.0616,0.0749,0.0,0.0,reg oper account,block of flats,Panel,No,0.0,0.0,0.0,0.0,-2279.0,0,0,0,0,0,0,0,0,0,0,0,0,0,0,0,0,0,,,,,,
100129,0,Revolving loans,135000.0,Unaccompanied,0.018029,-4066.0,1,0,0,0,0,MONDAY,8,0,0,0,,,,,,,,,,,,,,,,,,,,,,,,,,,,,,,,,,,,,,,,,,,,0.0,0.0,0.0,0.0,0.0,0,0,0,0,0,0,0,0,1,0,0,0,0,0,0,0,0,10327500.0,10048887.0,,0.0,0.0,1.0
