SK_ID_BUREAU,MONTHS_BALANCE,STATUS
5892290,-16,X
5892290,-17,1
5892290,-18,0
5892290,-19,1
5892290,-20,0
5892291,-12,X
5892291,-13,1
5892291,-14,0
5892291,-15,1
5892291,-16,0
5795752,0,C
5795752,-1,C
5795752,-2,C
5795752,-3,C
5795752,-4,C
5795752,-5,C
5795752,-6,C
5795752,-7,C
5795752,-8,C
5795752,-9,C
5795752,-10,C
5795752,-11,C
5795752,-12,C
5795752,-13,C
5795752,-14,C
5795752,-15,C
5795752,-16,C
5795752,-17,C
5795752,-18,C
5795752,-19,C
5795752,-20,C
5795752,-21,0
5795752,-22,0
5795752,-23,0
5795752,-24,0
5795752,-25,0
5795752,-26,0
5795752,-27,0
6363403,0,X
6363403,-1,X
6363403,-2,X
6363403,-3,X
6363403,-4,X
6363403,-5,X
6363403,-6,X
6363403,-7,X
6363403,-8,X
6363403,-9,X
6363403,-10,X
6363403,-11,X
6363403,-12,X
6363403,-13,X
6363403,-14,X
6363403,-15,X
6363403,-16,X
6363403,-17,X
6363403,-18,X
6363403,-19,X
6363403,-20,X
6363403,-21,X
6363403,-22,X
6363403,-23,X
6363403,-24,X
6363403,-25,X
6363403,-26,X
6363403,-27,X
6363403,-28,X
6363403,-29,X
6363403,-30,X
6363403,-31,X
6363403,-32,X
6363403,-33,X
6363403,-34,X
6363403,-35,X
6363403,-36,X
6363403,-37,X
6363403,-38,X
6363403,-39,X
6363403,-40,X
6363403,-41,X
6363403,-42,X
6363403,-43,X
6363403,-44,X
6363403,-45,X
6363403,-46,X
6363403,-47,X
6363403,-48,X
6363403,-49,X
6363403,-50,X
6363403,-51,X
6363403,-52,X
6363403,-53,X
6363403,-54,X
6363403,-55,X
6363403,-56,X
6363403,-57,X
6363403,-58,X
6363403,-59,X
6363403,-60,X
6363403,-61,X
6363403,-62,X
6363403,-63,X
6363403,-64,X
6363403,-65,X
6363403,-66,X
6363403,-67,X
6363403,-68,X
6363403,-69,X
6363403,-70,X
6363403,-71,X
6363403,-72,X
6363403,-73,X
6363403,-74,X
6363403,-75,X
6363403,-76,X
6363403,-77,X
6363403,-78,X
6363403,-79,X
6363403,-80,X
6363403,-81,X
6363403,-82,X
6363403,-83,X
6363403,-84,X
6363403,-85,X
6363403,-86,X
6363403,-87,X
6363403,-88,X
6363404,0,C
6363404,-1,C
6363404,-2,C
6363404,-3,C
6363404,-4,C
6363404,-5,C
6363404,-6,C
6363404,-7,C
6363404,-8,C
6363404,-9,C
6363404,-10,C
6363404,-11,C
6363404,-12,C
6363404,-13,C
6363404,-14,C
6363404,-15,C
6363404,-16,C
6363404,-17,C
6363404,-18,C
6363404,-19,C
6363404,-20,C
6363404,-21,C
6363404,-22,C
6363404,-23,C
6363404,-24,C
6363404,-25,C
6363404,-26,C
6363404,-27,C
6363404,-28,C
6363404,-29,C
6363404,-30,C
6363404,-31,C
6363404,-32,C
6363404,-33,C
6363404,-34,C
6363404,-35,C
6363404,-36,C
6363404,-37,C
6363404,-38,C
6363404,-39,C
6363404,-40,C
6363404,-41,C
6363404,-42,C
6363404,-43,C
6363404,-44,C
6363404,-45,C
6363404,-46,C
6363404,-47,C
6363404,-48,C
6363404,-49,C
6363404,-50,C
6363404,-51,C
6363404,-52,C
6363404,-53,C
6363404,-54,C
6363404,-55,C
6363404,-56,C
6363404,-57,C
6363404,-58,C
6363404,-59,C
6363404,-60,C
6363404,-61,C
6363404,-62,C
6363404,-63,C
6363404,-64,C
6363404,-65,C
6363404,-66,C
6363404,-67,C
6363404,-68,C
6363404,-69,C
6363404,-70,C
6363404,-71,C
6363404,-72,C
6363404,-73,C
6363404,-74,C
6363404,-75,C
6363404,-76,C
6363404,-77,C
6363404,-78,0
6363404,-79,0
6363404,-80,0
6363404,-81,0
6363404,-82,0
6363404,-83,0
6363404,-84,0
6363404,-85,0
6363404,-86,0
6363404,-87,0
6363404,-88,0
6363405,0,C
6363405,-1,C
6363405,-2,C
6363405,-3,C
6363405,-4,C
6363405,-5,X
6363405,-6,0
6363405,-7,0
6363405,-8,X
6363405,-9,0
6363405,-10,X
6363405,-11,0
6363405,-12,X
6363405,-13,0
6363405,-14,X
6363405,-15,0
6363405,-16,0
6363405,-17,0
6363405,-18,X
6363405,-19,0
6363405,-20,0
6363405,-21,0
6363405,-22,X
5837511,-24,C
5837511,-25,C
5837511,-26,C
5837511,-27,C
5837511,-28,C
5837511,-29,C
5837511,-30,C
5837511,-31,C
5837511,-32,C
5837511,-33,C
5837511,-34,C
5837511,-35,C
5837511,-36,C
5837511,-37,C
5837511,-38,C
5837511,-39,C
5837511,-40,C
5837511,-41,C
5837511,-42,C
5837511,-43,C
5837511,-44,C
5837511,-45,C
5837511,-46,C
5837511,-47,C
5837511,-48,C
5837511,-49,C
5837511,-50,C
5837511,-51,C
5837511,-52,C
5837511,-53,C
5837511,-54,C
5837511,-55,C
5837511,-56,C
5837511,-57,C
5837511,-58,C
5837511,-59,C
5837511,-60,C
5837511,-61,0
5837511,-62,0
5837511,-63,0
5837511,-64,0
5837511,-65,0
5837512,0,C
5837512,-1,C
5837512,-2,C
5837512,-3,C
5837512,-4,C
5837512,-5,C
5837512,-6,C
5837512,-7,C
5837512,-8,C
5837512,-9,C
5837512,-10,C
5837512,-11,C
5837512,-12,C
5837512,-13,C
5837512,-14,C
5837512,-15,C
5837512,-16,C
5837512,-17,C
5837512,-18,C
5837512,-19,C
5837512,-20,C
5837512,-21,C
5837512,-22,C
5837512,-23,C
5837512,-24,C
5837512,-25,C
5837512,-26,C
5837512,-27,C
5837512,-28,C
5837512,-29,C
5837512,-30,C
5837512,-31,C
5837512,-32,C
5837512,-33,C
5837512,-34,C
5837512,-35,C
5837512,-36,C
5837512,-37,C
5837512,-38,C
5837512,-39,C
5837512,-40,C
5837512,-41,C
5837512,-42,C
5837512,-43,C
5837512,-44,C
5837512,-45,C
5837512,-46,C
5837512,-47,C
5837512,-48,C
5837512,-49,0
5837512,-50,0
5837512,-51,0
5837513,0,C
5837513,-1,C
5837513,-2,C
5837513,-3,C
5837513,-4,C
5837513,-5,C
5837513,-6,C
5837513,-7,C
5837513,-8,C
5837513,-9,C
5837513,-10,C
5837513,-11,C
5837513,-12,C
5837513,-13,C
5837513,-14,C
5837513,-15,C
5837513,-16,C
5837513,-17,C
5837513,-18,C
5837513,-19,C
5837513,-20,C
5837513,-21,C
5837513,-22,C
5837513,-23,C
5837513,-24,C
5837513,-25,C
5837513,-26,C
5837513,-27,C
5837513,-28,C
5837513,-29,C
5837513,-30,C
5837513,-31,C
5837513,-32,C
5837513,-33,C
5837513,-34,C
5837513,-35,C
5837513,-36,0
5837513,-37,0
5837513,-38,0
5837513,-39,0
5837513,-40,0
5837513,-41,0
5837514,0,C
5837514,-1,C
5837514,-2,C
5837514,-3,C
5837514,-4,C
5837514,-5,C
5837514,-6,C
5837514,-7,C
5837514,-8,C
5837514,-9,C
5837514,-10,C
5837514,-11,C
5837514,-12,C
5837514,-13,C
5837514,-14,C
5837514,-15,C
5837514,-16,C
5837514,-17,C
5837514,-18,C
5837514,-19,C
5837514,-20,C
5837514,-21,C
5837514,-22,C
5837514,-23,C
5837514,-24,C
5837514,-25,C
5837514,-26,C
5837514,-27,C
5837514,-28,C
5837514,-29,C
5837514,-30,C
5837514,-31,C
5837514,-32,C
5837514,-33,C
5837514,-34,C
5837514,-35,C
5837514,-36,C
5837514,-37,C
5837514,-38,C
5837514,-39,C
5837514,-40,C
5837514,-41,C
5837514,-42,C
5837514,-43,C
5837514,-44,C
5837514,-45,C
5837514,-46,C
5837514,-47,C
5837514,-48,C
5837514,-49,0
5837514,-50,0
5837514,-51,0
5837515,0,C
5837515,-1,C
5837515,-2,C
5837515,-3,C
5837515,-4,C
5837515,-5,C
5837515,-6,C
5837515,-7,C
5837515,-8,C
5837515,-9,C
5837515,-10,C
5837515,-11,C
5837515,-12,C
5837515,-13,C
5837515,-14,C
5837515,-15,C
5837515,-16,C
5837515,-17,C
5837515,-18,C
5837515,-19,C
5837515,-20,C
5837515,-21,C
5837515,-22,C
5837515,-23,C
5837515,-24,C
5837515,-25,C
5837515,-26,C
5837515,-27,C
5837515,-28,C
5837515,-29,C
5837515,-30,C
5837515,-31,C
5837515,-32,C
5837515,-33,C
5837515,-34,C
5837515,-35,C
5837515,-36,C
5837515,-37,C
5837515,-38,C
5837515,-39,C
5837515,-40,C
5837515,-41,C
5837515,-42,C
5837515,-43,C
5837515,-44,C
5837515,-45,C
5837515,-46,C
5837515,-47,C
5837515,-48,C
5837515,-49,0
5837515,-50,0
5837515,-51,0
5837516,0,C
5837516,-1,C
5837516,-2,C
5837516,-3,C
5837516,-4,C
5837516,-5,C
5837516,-6,C
5837516,-7,C
5837516,-8,C
5837516,-9,C
5837516,-10,C
5837516,-11,C
5837516,-12,C
5837516,-13,C
5837516,-14,C
5837516,-15,C
5837516,-16,C
5837516,-17,C
5837516,-18,C
5837516,-19,C
5837516,-20,C
5837516,-21,C
5837516,-22,C
5837516,-23,C
5837516,-24,C
5837516,-25,C
5837516,-26,C
5837516,-27,C
5837516,-28,C
5837516,-29,C
5837516,-30,C
5837516,-31,C
5837516,-32,C
5837516,-33,C
5837516,-34,C
5837516,-35,C
5837516,-36,C
5837516,-37,C
5837516,-38,C
5837516,-39,C
5837516,-40,C
5837516,-41,C
5837516,-42,C
5837516,-43,C
5837516,-44,C
5837516,-45,C
5837516,-46,0
5837516,-47,0
5837516,-48,0
5837517,-13,C
5837517,-14,C
5837517,-15,C
5837517,-16,C
5837517,-17,C
5837517,-18,C
5837517,-19,C
5837517,-20,C
5837517,-21,C
5837517,-22,C
5837517,-23,C
5837517,-24,C
5837517,-25,C
5837517,-26,C
5837517,-27,C
5837517,-28,C
5837517,-29,C
5837517,-30,C
5837517,-31,C
5837517,-32,C
5837517,-33,C
5837517,-34,C
5837517,-35,C
5837517,-36,C
5837517,-37,C
5837517,-38,C
5837517,-39,C
5837517,-40,C
5837517,-41,C
5837517,-42,C
5837517,-43,C
5837517,-44,C
5837517,-45,C
5837517,-46,C
5837517,-47,C
5837517,-48,C
5837517,-49,C
5837517,-50,C
5837517,-51,C
5837517,-52,C
5837517,-53,C
5837517,-54,C
5837517,-55,C
5837517,-56,C
5837517,-57,C
5837517,-58,C
5837517,-59,C
5837517,-60,C
5837517,-61,C
5837517,-62,C
5837517,-63,C
5837517,-64,C
5837517,-65,C
5837517,-66,C
5837517,-67,C
5837517,-68,C
5837517,-69,C
5837517,-70,C
5837517,-71,C
5837517,-72,C
5837517,-73,C
5837517,-74,C
5837517,-75,C
5837517,-76,0
5837517,-77,0
5837517,-78,0
5832095,0,0
5832095,-1,0
5832095,-2,0
5832095,-3,0
5832095,-4,0
5832095,-5,0
5832095,-6,0
5832095,-7,0
5832095,-8,0
5832095,-9,0
5832095,-10,0
5832095,-11,0
5832095,-12,0
5832095,-13,0
5832095,-14,0
5832095,-15,0
5832095,-16,X
5832096,0,0
5832096,-1,0
5832096,-2,0
5832096,-3,0
5832096,-4,0
5832096,-5,0
5832096,-6,0
5832096,-7,0
5832096,-8,0
5832096,-9,0
5832096,-10,0
5832096,-11,0
5832096,-12,0
5832096,-13,0
5832096,-14,0
5832096,-15,0
5832096,-16,X
5727772,-20,C
5727772,-21,C
5727772,-22,C
5727772,-23,C
5727772,-24,C
5727772,-25,C
5727772,-26,C
5727772,-27,C
5727772,-28,C
5727772,-29,C
5727772,-30,C
5727772,-31,C
5727772,-32,C
5727772,-33,C
5727772,-34,C
5727772,-35,C
5727772,-36,C
5727772,-37,0
5727772,-38,0
5727772,-39,0
5727772,-40,0
5727772,-41,0
5727772,-42,0
5727772,-43,0
5727772,-44,0
5727772,-45,0
5727772,-46,0
5727772,-47,0
5727772,-48,0
5727773,-9,C
5727773,-10,C
5727773,-11,C
5727773,-12,C
5727773,-13,C
5727773,-14,C
5727773,-15,C
5727773,-16,C
5727773,-17,C
5727773,-18,C
5727773,-19,C
5727773,-20,C
5727773,-21,C
5727773,-22,C
5727773,-23,C
5727773,-24,C
5727773,-25,C
5727773,-26,0
5727773,-27,0
5727773,-28,0
5727773,-29,0
5727773,-30,0
5727773,-31,0
5727773,-32,0
5727773,-33,0
5727773,-34,0
5727773,-35,0
5727773,-36,0
5727773,-37,0
5707340,-3,C
5707340,-4,C
5707340,-5,C
5707340,-6,C
5707340,-7,C
5707340,-8,C
5707340,-9,C
5707340,-10,C
5707340,-11,C
5707340,-12,C
5707340,-13,C
5707340,-14,C
5707340,-15,C
5707340,-16,C
5707340,-17,C
5707340,-18,C
5707340,-19,C
5707340,-20,C
5707340,-21,C
5707340,-22,C
5707340,-23,C
5707340,-24,C
5707340,-25,C
5707340,-26,C
5707340,-27,C
5707340,-28,C
5707340,-29,C
5707340,-30,C
5707340,-31,C
5707340,-32,C
5707340,-33,C
5707340,-34,C
5707340,-35,C
5707340,-36,C
5707340,-37,C
5707340,-38,C
5707340,-39,C
5707340,-40,C
5707340,-41,C
5707340,-42,C
5707340,-43,C
5707340,-44,C
5707340,-45,C
5707340,-46,C
5707340,-47,0
5707340,-48,0
5707340,-49,0
5707340,-50,0
5707340,-51,0
5707340,-52,X
5707341,0,C
5707341,-1,C
5707341,-2,C
5707341,-3,C
5707341,-4,C
5707341,-5,C
5707341,-6,C
5707341,-7,0
5707341,-8,0
5707341,-9,0
5707341,-10,0
5707341,-11,0
5707341,-12,0
5707342,0,0
5707342,-1,0
5707342,-2,0
5707342,-3,0
5707342,-4,0
5707342,-5,X
5707343,-9,C
5707343,-10,C
5707343,-11,C
5707343,-12,C
5707343,-13,C
5707343,-14,C
5707343,-15,C
5707343,-16,C
5707343,-17,C
5707343,-18,C
5707343,-19,C
5707343,-20,C
5707343,-21,C
5707343,-22,C
5707343,-23,C
5707343,-24,C
5707343,-25,C
5707343,-26,C
5707343,-27,C
5707343,-28,C
5707343,-29,C
5707343,-30,C
5707343,-31,C
5707343,-32,C
5707343,-33,C
5707343,-34,C
5707343,-35,C
5707343,-36,C
5707343,-37,C
5707343,-38,C
5707343,-39,C
5707343,-40,C
5707343,-41,0
5707343,-42,0
5707343,-43,X
5707344,-22,C
5707344,-23,C
5707344,-24,C
5707344,-25,C
5707344,-26,C
5707344,-27,C
5707344,-28,C
5707344,-29,C
5707344,-30,C
5707344,-31,C
5707344,-32,C
5707344,-33,C
5707344,-34,C
5707344,-35,C
5707344,-36,C
5707344,-37,C
5707344,-38,C
5707344,-39,C
5707344,-40,C
5707344,-41,C
5707344,-42,C
5707344,-43,C
5707344,-44,C
5707344,-45,C
5707344,-46,C
5707344,-47,C
5707344,-48,C
5707344,-49,C
5707344,-50,C
5707344,-51,C
5707344,-52,C
5707344,-53,C
5707344,-54,0
5707344,-55,0
5707344,-56,X
5038523,-13,X
5038523,-14,X
5038523,-15,0
5038523,-16,0
5038523,-17,0
5038523,-18,0
5038523,-19,0
5038523,-20,0
5038523,-21,0
5038523,-22,0
5038523,-23,0
5038523,-24,0
5038523,-25,0
5038523,-26,0
5038523,-27,0
5038523,-28,0
5038523,-29,0
5038523,-30,0
5038523,-31,0
5038524,-27,X
5038524,-28,X
5038524,-29,0
5038524,-30,0
5038524,-31,0
5038524,-32,0
5038524,-33,0
5038524,-34,0
5038524,-35,0
5038524,-36,0
5038524,-37,0
5038524,-38,0
5038524,-39,0
5038524,-40,0
5038524,-41,0
5038524,-42,0
5038524,-43,0
5038524,-44,0
5038524,-45,0
5038525,-27,X
5038525,-28,X
5038525,-29,0
5038525,-30,0
5038525,-31,0
5038525,-32,0
5038525,-33,0
5038525,-34,0
5038525,-35,0
5038525,-36,0
5038525,-37,0
5038525,-38,0
5038525,-39,0
5038525,-40,0
5038525,-41,0
5038525,-42,0
5038525,-43,0
5038525,-44,0
5038525,-45,0
5038526,0,X
5038526,-1,X
5038526,-2,0
5038526,-3,0
5038526,-4,0
5038526,-5,0
5038526,-6,0
5038526,-7,0
5038526,-8,0
5038526,-9,0
5038526,-10,0
5038526,-11,0
5038526,-12,0
5038526,-13,0
5038526,-14,0
5038526,-15,0
5038526,-16,0
5038526,-17,0
5038526,-18,0
6830335,0,C
6830335,-1,C
6830335,-2,C
6830335,-3,C
6830335,-4,C
6830335,-5,C
6830335,-6,C
6830335,-7,C
6830335,-8,C
6830335,-9,C
6830335,-10,C
6830335,-11,C
6830335,-12,C
6830335,-13,C
6830335,-14,C
6830335,-15,C
6830335,-16,C
6830335,-17,C
6830335,-18,C
6830335,-19,1
6830335,-20,0
6830335,-21,0
6830335,-22,0
6830335,-23,0
6830335,-24,0
6830335,-25,0
6830335,-26,0
6830335,-27,0
6830335,-28,0
6830335,-29,0
6830335,-30,0
6460631,-15,0
6460631,-16,0
6460631,-17,0
6460631,-18,0
6460631,-19,0
6460631,-20,0
6460631,-21,0
6460631,-22,0
6460631,-23,0
6460631,-24,0
6460631,-25,0
6460631,-26,0
6460631,-27,0
6460631,-28,0
6460631,-29,0
6460631,-30,0
6460631,-31,0
6460631,-32,0
6460631,-33,0
6460631,-34,0
6460631,-35,0
6460631,-36,0
6460631,-37,0
6460631,-38,0
6460631,-39,0
6460631,-40,0
6460631,-41,0
6460631,-42,0
6460632,-1,0
6460632,-2,0
6460632,-3,0
6460632,-4,0
6460632,-5,0
6460632,-6,0
6460632,-7,0
6460632,-8,0
6460632,-9,0
6460632,-10,0
6460632,-11,0
6460632,-12,0
6460632,-13,0
6460632,-14,0
6460632,-15,0
6460632,-16,0
6460632,-17,0
6460632,-18,0
6460632,-19,0
6460632,-20,0
6460632,-21,0
6460632,-22,0
6460632,-23,0
6460632,-24,0
6460632,-25,0
6460632,-26,0
6460632,-27,0
6460632,-28,0
5943236,0,X
5943236,-1,X
5943236,-2,X
5943236,-3,X
5943236,-4,X
5943236,-5,0
5943236,-6,X
5738444,0,C
5738444,-1,C
5738444,-2,C
5738444,-3,C
5738444,-4,C
5738444,-5,C
5738444,-6,C
5738444,-7,C
5738444,-8,C
5738444,-9,C
5738444,-10,C
5738444,-11,C
5738444,-12,C
5738444,-13,C
5738444,-14,C
5738444,-15,C
5738444,-16,0
5738444,-17,0
5738444,-18,0
5738444,-19,0
5738444,-20,0
5738444,-21,0
5738444,-22,0
5732198,0,C
5732198,-1,C
5732198,-2,C
5732198,-3,C
5732198,-4,C
5732198,-5,C
5732198,-6,C
5732198,-7,C
5732198,-8,C
5732198,-9,C
5732198,-10,C
5732198,-11,C
5732198,-12,C
5732198,-13,C
5732198,-14,C
5732198,-15,C
5732198,-16,C
5732198,-17,C
5732198,-18,C
5732198,-19,C
5732198,-20,C
5732198,-21,C
5732198,-22,C
5732198,-23,C
5732198,-24,C
5732198,-25,C
5732198,-26,C
5732198,-27,C
5732198,-28,C
5732198,-29,C
5732198,-30,C
5732198,-31,C
5732198,-32,C
5732198,-33,C
5732198,-34,C
5732198,-35,C
5732198,-36,C
5732198,-37,C
5732198,-38,C
5732198,-39,C
5732198,-40,C
5732198,-41,C
5732198,-42,C
5732198,-43,C
5732198,-44,C
5732198,-45,C
5732198,-46,C
5732198,-47,C
5732198,-48,C
5732198,-49,C
5732198,-50,C
5732198,-51,C
5732198,-52,C
5732198,-53,C
5732198,-54,0
5732198,-55,1
5732198,-56,0
5732198,-57,0
5732198,-58,0
5732198,-59,1
5732198,-60,0
5732198,-61,0
5732198,-62,0
5732198,-63,0
5732198,-64,0
5732198,-65,0
5732199,0,C
5732199,-1,C
5732199,-2,C
5732199,-3,C
5732199,-4,C
5732199,-5,C
5732199,-6,C
5732199,-7,C
5732199,-8,C
5732199,-9,C
5732199,-10,C
5732199,-11,C
5732199,-12,C
5732199,-13,0
5732199,-14,0
5732199,-15,0
5732199,-16,0
5732199,-17,0
5732199,-18,0
5732199,-19,0
5732199,-20,0
5732199,-21,0
5732199,-22,0
5732199,-23,0
5732199,-24,0
5732200,0,C
5732200,-1,C
5732200,-2,C
5732200,-3,C
5732200,-4,C
5732200,-5,C
5732200,-6,C
5732200,-7,C
5732200,-8,C
5732200,-9,C
5732200,-10,C
5732200,-11,C
5732200,-12,C
5732200,-13,C
5732200,-14,C
5732200,-15,0
5732200,-16,0
5732200,-17,0
5732200,-18,0
5732200,-19,0
5732200,-20,0
5732200,-21,0
5732200,-22,0
5732200,-23,0
5732200,-24,0
5732200,-25,0
5732200,-26,0
5680685,0,1
5680685,-1,1
5680685,-2,0
5680685,-3,0
5680685,-4,0
5680685,-5,1
5680685,-6,0
5680685,-7,0
5680685,-8,0
5680685,-9,0
5680685,-10,0
5680685,-11,0
5680685,-12,0
5680682,-4,C
5680682,-5,C
5680682,-6,C
5680682,-7,C
5680682,-8,C
5680682,-9,C
5680682,-10,C
5680682,-11,C
5680682,-12,X
5680683,0,X
5680683,-1,X
5680683,-2,X
5680683,-3,X
5680683,-4,X
5680683,-5,X
5680683,-6,X
5680683,-7,X
5680683,-8,X
5680683,-9,X
5680683,-10,X
5680683,-11,X
5680683,-12,X
5680684,0,0
5680684,-1,0
5680684,-2,0
5680684,-3,0
5680684,-4,0
5680684,-5,X
5680684,-6,X
5680684,-7,X
5680684,-8,X
5680684,-9,X
5680684,-10,X
5680684,-11,X
5680684,-12,X
5680686,-76,C
5680686,-77,C
5680686,-78,C
5680686,-79,C
5680686,-80,C
5680686,-81,C
5680686,-82,C
5680686,-83,C
5680686,-84,C
5680686,-85,C
5680686,-86,C
5680686,-87,C
5680686,-88,0
5680686,-89,0
5680686,-90,0
5680686,-91,0
5680687,-83,C
5680687,-84,C
5680687,-85,C
5680687,-86,C
5680687,-87,C
5680687,-88,C
5680687,-89,C
5680687,-90,C
5680687,-91,C
5680687,-92,C
5680687,-93,C
5680687,-94,C
5680687,-95,0
5680688,-43,C
5680688,-44,C
5680688,-45,C
5680688,-46,C
5680688,-47,C
5680688,-48,C
5680688,-49,C
5680688,-50,C
5680688,-51,C
5680688,-52,C
5680688,-53,C
5680688,-54,C
5680688,-55,C
5680688,-56,C
5680688,-57,C
5680688,-58,C
5680688,-59,C
5680688,-60,C
5680688,-61,C
5680688,-62,C
5680688,-63,C
5680688,-64,C
5680688,-65,C
5680688,-66,C
5680688,-67,C
5680688,-68,C
5680688,-69,C
5680688,-70,C
5680688,-71,C
5680688,-72,C
5680688,-73,C
5680688,-74,C
5680688,-75,C
5680688,-76,C
5680688,-77,C
5680688,-78,C
5680688,-79,C
5680688,-80,C
5680688,-81,C
5680688,-82,0
5680688,-83,1
5680688,-84,0
5680689,0,C
5680689,-1,C
5680689,-2,C
5680689,-3,C
5680689,-4,C
5680689,-5,C
5680689,-6,0
5680689,-7,1
5680689,-8,0
5680690,0,C
5680690,-1,C
5680690,-2,C
5680690,-3,C
5680690,-4,C
5680690,-5,C
5680690,-6,C
5680690,-7,C
5680690,-8,C
5680690,-9,C
5680690,-10,0
5680690,-11,0
5680691,-33,0
5680691,-34,0
5680691,-35,0
5680691,-36,0
5680691,-37,0
5680691,-38,0
5680691,-39,1
5680691,-40,0
5680691,-41,X
5680692,-31,C
5680692,-32,C
5680692,-33,C
5680692,-34,C
5680692,-35,C
5680692,-36,C
5680692,-37,C
5680692,-38,C
5680692,-39,C
5680692,-40,C
5680692,-41,C
5680692,-42,C
5680692,-43,X
5680693,0,0
5680693,-1,0
5680693,-2,0
5680693,-3,0
5680693,-4,0
5680693,-5,0
5680693,-6,0
5680693,-7,0
5680693,-8,0
5680693,-9,0
5680693,-10,0
5680693,-11,0
5680693,-12,0
5680693,-13,0
5680693,-14,0
5680693,-15,0
5680693,-16,0
5680693,-17,3
5680693,-18,2
5680693,-19,0
5680693,-20,0
5680693,-21,0
5680693,-22,0
5680693,-23,0
5680693,-24,0
5680693,-25,1
5680693,-26,0
5680693,-27,1
5680693,-28,0
5680693,-29,0
5680693,-30,0
5680693,-31,0
5680693,-32,1
5680693,-33,0
5680693,-34,0
5680693,-35,0
5680693,-36,0
5680693,-37,0
5680693,-38,0
5680693,-39,0
5680693,-40,0
5680693,-41,0
5680693,-42,0
5680693,-43,0
5680693,-44,X
5680694,-47,C
5680694,-48,C
5680694,-49,C
5680694,-50,C
5680694,-51,C
5680694,-52,C
5680694,-53,C
5680694,-54,C
5680694,-55,C
5680694,-56,C
5680694,-57,C
5680694,-58,C
5680694,-59,0
5680695,-22,C
5680695,-23,C
5680695,-24,C
5680695,-25,C
5680695,-26,0
5680695,-27,0
5680695,-28,0
5680695,-29,0
5680695,-30,0
5680695,-31,0
5680695,-32,0
5680695,-33,0
5680696,0,C
5680696,-1,0
5680696,-2,0
5680696,-3,0
5680696,-4,0
5680696,-5,0
5680696,-6,0
5680696,-7,0
5680696,-8,X
5680697,0,X
5680697,-1,X
5680697,-2,X
5680697,-3,X
5680697,-4,X
5680697,-5,X
5680697,-6,X
5680697,-7,X
5680698,-32,C
5680698,-33,C
5680698,-34,C
5680698,-35,C
5680698,-36,C
5680698,-37,C
5680698,-38,C
5680698,-39,C
5680698,-40,C
5680698,-41,C
5680698,-42,C
5680698,-43,C
5680698,-44,C
5680698,-45,C
5680698,-46,C
5680698,-47,C
5680698,-48,C
5680698,-49,C
5680698,-50,C
5680698,-51,C
5680698,-52,C
5680698,-53,C
5680698,-54,C
5680698,-55,C
5680698,-56,C
5680698,-57,C
5680698,-58,C
5680698,-59,C
5680698,-60,C
5680698,-61,C
5680698,-62,C
5680698,-63,C
5680698,-64,C
5680698,-65,C
5680698,-66,C
5680698,-67,C
5680698,-68,C
5680698,-69,C
5680698,-70,C
5680698,-71,C
5680698,-72,C
5680698,-73,C
5680698,-74,C
5680698,-75,C
5680698,-76,0
5680698,-77,0
5680698,-78,0
5680698,-79,0
5680698,-80,0
5680698,-81,0
5680698,-82,0
5680699,0,X
5680699,-1,X
5680699,-2,X
5680699,-3,X
5680699,-4,X
5680699,-5,X
5680699,-6,X
5680699,-7,X
5680699,-8,X
6348204,-1,X
6348204,-2,X
6348204,-3,X
6348204,-4,X
6348204,-5,X
6348204,-6,X
6348204,-7,X
6348204,-8,X
6348204,-9,X
6348204,-10,X
5471413,0,0
5471413,-1,0
5471413,-2,0
5471413,-3,0
5471414,0,0
5471414,-1,1
5471414,-2,0
5471414,-3,0
5471414,-4,1
5471414,-5,0
5471414,-6,0
5471414,-7,0
5471414,-8,0
5471414,-9,0
5471414,-10,0
5471414,-11,0
5471414,-12,0
5471414,-13,0
5471414,-14,0
5471415,0,0
5471415,-1,0
5471415,-2,0
5471415,-3,0
5471415,-4,0
5471415,-5,0
6221641,0,C
6221641,-1,C
6221641,-2,C
6221641,-3,C
6221641,-4,C
6221641,-5,C
6221641,-6,C
6221641,-7,C
6221641,-8,C
6221641,-9,C
6221641,-10,C
6221641,-11,C
6221641,-12,C
6221641,-13,C
6221641,-14,C
6221641,-15,C
6221641,-16,C
6221641,-17,C
6221641,-18,C
6221641,-19,1
6221641,-20,0
6221641,-21,0
6221641,-22,0
6221641,-23,0
6221641,-24,0
6221641,-25,0
6221641,-26,0
6221641,-27,0
6221642,-6,C
6221642,-7,C
6221642,-8,C
6221642,-9,C
6221642,-10,C
6221642,-11,C
6221642,-12,C
6221642,-13,C
6221642,-14,C
6221642,-15,C
6221642,-16,C
6221642,-17,C
6221642,-18,C
6221642,-19,C
6221642,-20,C
6221642,-21,C
6221642,-22,C
6221642,-23,C
6221642,-24,C
6221642,-25,C
6221642,-26,C
6221642,-27,C
6221642,-28,0
6221642,-29,0
6221642,-30,0
6221642,-31,0
6221642,-32,0
6221642,-33,0
6221643,-8,C
6221643,-9,C
6221643,-10,C
6221643,-11,C
6221643,-12,C
6221643,-13,C
6221643,-14,C
6221643,-15,C
6221643,-16,C
6221643,-17,C
6221643,-18,C
6221643,-19,C
6221643,-20,C
6221643,-21,C
6221643,-22,C
6221643,-23,C
6221643,-24,C
6221643,-25,C
6221643,-26,C
6221643,-27,C
6221643,-28,C
6221643,-29,C
6221643,-30,C
6221643,-31,C
6221643,-32,C
6221643,-33,C
6221643,-34,C
6221643,-35,C
6221643,-36,C
6221643,-37,C
6221643,-38,C
6221643,-39,C
6221643,-40,C
6221643,-41,1
6221643,-42,0
6221643,-43,0
6221643,-44,0
6221643,-45,0
6221643,-46,0
6221643,-47,0
6221643,-48,0
6221643,-49,0
6221644,-11,C
6221644,-12,C
6221644,-13,C
6221644,-14,C
6221644,-15,C
6221644,-16,C
6221644,-17,C
6221644,-18,C
6221644,-19,C
6221644,-20,C
6221644,-21,C
6221644,-22,C
6221644,-23,C
6221644,-24,C
6221644,-25,C
6221644,-26,C
6221644,-27,C
6221644,-28,C
6221644,-29,C
6221644,-30,C
6221644,-31,C
6221644,-32,C
6221644,-33,0
6221644,-34,0
6221644,-35,0
6221644,-36,0
6221644,-37,0
6221644,-38,0
6221645,0,0
6221645,-1,0
6221645,-2,0
6221645,-3,0
6221645,-4,0
6221645,-5,0
6221645,-6,0
6221645,-7,0
6221645,-8,0
6221645,-9,0
6221645,-10,0
6221645,-11,0
6221645,-12,0
6221645,-13,0
6221645,-14,0
6221645,-15,0
6221646,0,0
6221646,-1,0
6221646,-2,0
6221646,-3,X
6221646,-4,0
6221646,-5,X
6221646,-6,0
6221646,-7,0
6221646,-8,0
6221646,-9,0
6221646,-10,0
6221646,-11,0
6221646,-12,0
6221646,-13,0
6221646,-14,2
6221646,-15,X
6221646,-16,0
6221646,-17,X
6221646,-18,X
6221647,0,0
6221647,-1,0
6221647,-2,0
6221647,-3,0
6221647,-4,0
6221647,-5,0
6221647,-6,0
6221647,-7,0
6221647,-8,0
6221647,-9,0
6221647,-10,0
6221647,-11,0
6221648,0,0
6221648,-1,0
6221648,-2,0
6221648,-3,0
6221648,-4,0
6221648,-5,0
6221649,0,0
6221649,-1,0
6221649,-2,0
6221649,-3,0
6221649,-4,0
6221649,-5,0
6221649,-6,0
6221649,-7,0
6221649,-8,0
6221649,-9,0
6221649,-10,0
6221649,-11,0
6221650,0,0
6221650,-1,X
6221650,-2,0
6221650,-3,0
6221650,-4,0
6221650,-5,0
6221650,-6,0
6221650,-7,0
6221650,-8,0
6221650,-9,0
6221650,-10,0
6221650,-11,X
6221650,-12,0
6221650,-13,X
6221650,-14,X
6221650,-15,X
6221650,-16,X
6221650,-17,X
6221650,-18,0
6221650,-19,0
6221650,-20,0
6221650,-21,0
6221650,-22,0
6221650,-23,0
6221650,-24,X
6221650,-25,X
6630331,-25,C
6630331,-26,C
6630331,-27,C
6630331,-28,C
6630331,-29,C
6630331,-30,C
6630331,-31,C
6630331,-32,C
6630331,-33,C
6630331,-34,C
6630331,-35,C
6630331,-36,C
6630331,-37,C
6630331,-38,C
6630331,-39,C
6630331,-40,C
6630331,-41,C
6630331,-42,C
6630331,-43,C
6630331,-44,C
6630331,-45,C
6630331,-46,C
6630331,-47,C
6630331,-48,C
6630331,-49,C
6630331,-50,C
6630331,-51,C
6630331,-52,C
6630331,-53,C
6630331,-54,C
6630331,-55,C
6630331,-56,C
6630331,-57,C
6630331,-58,C
6630331,-59,C
6630331,-60,C
6630331,-61,C
6630331,-62,C
6630331,-63,C
6630331,-64,C
6630331,-65,C
6630331,-66,C
6630331,-67,C
6630331,-68,C
6630331,-69,C
6630331,-70,C
6630331,-71,C
6630331,-72,C
6630331,-73,C
6630331,-74,C
6630331,-75,C
6630331,-76,C
6630331,-77,C
6630331,-78,C
6630331,-79,C
6630331,-80,C
6630331,-81,C
6630331,-82,C
6630331,-83,C
6630331,-84,C
6630331,-85,C
6630331,-86,C
6630331,-87,C
6630331,-88,0
6630331,-89,0
6630331,-90,0
6798301,0,C
6798301,-1,C
6798301,-2,C
6798301,-3,C
6798301,-4,C
6798301,-5,C
6798301,-6,C
6798301,-7,C
6798301,-8,C
6798301,-9,C
6798301,-10,C
6798301,-11,C
6798301,-12,C
6798301,-13,C
6798301,-14,C
6798301,-15,C
6798301,-16,C
6798301,-17,C
6798301,-18,C
6798301,-19,C
6798301,-20,C
6798301,-21,0
6798301,-22,0
6798301,-23,0
6798301,-24,0
6798301,-25,0
6798302,-7,C
6798302,-8,C
6798302,-9,C
6798302,-10,C
6798302,-11,C
6798302,-12,0
6798302,-13,X
6798302,-14,0
6798303,0,0
6798303,-1,0
6798303,-2,0
6798303,-3,0
6798303,-4,0
6798303,-5,0
6798303,-6,0
6798304,-29,C
6798304,-30,C
6798304,-31,C
6798304,-32,C
6798304,-33,C
6798304,-34,C
6798304,-35,C
6798304,-36,0
6798304,-37,0
6798304,-38,0
6798304,-39,0
6798304,-40,0
6798304,-41,0
6798304,-42,0
6798304,-43,0
6798304,-44,0
6520708,-2,C
6520708,-3,C
6520708,-4,C
6520708,-5,C
6520708,-6,C
6520708,-7,0
6520708,-8,0
6520708,-9,0
6520708,-10,0
6520708,-11,0
6520708,-12,0
6520708,-13,0
6520708,-14,0
6520708,-15,0
6520708,-16,0
6520708,-17,0
6520708,-18,0
6520708,-19,0
6520708,-20,0
6520708,-21,0
6520708,-22,0
6520708,-23,0
6520708,-24,0
6520708,-25,0
6520708,-26,0
6520708,-27,0
6520708,-28,0
6520708,-29,0
6520708,-30,0
6520708,-31,0
6520708,-32,0
6520708,-33,0
6520708,-34,0
6520708,-35,0
6520708,-36,0
6520708,-37,0
6520708,-38,0
6520708,-39,0
6520708,-40,0
6520708,-41,0
6520708,-42,0
6520708,-43,0
6158904,-15,C
6158904,-16,C
6158904,-17,0
6158904,-18,0
6158904,-19,0
6158904,-20,1
6158904,-21,0
6158904,-22,0
6158904,-23,0
6158904,-24,0
6158904,-25,0
6158904,-26,0
6158904,-27,0
6158904,-28,0
6158904,-29,0
6158904,-30,0
6158904,-31,0
6158904,-32,0
6158904,-33,0
6158904,-34,0
6158904,-35,0
6158904,-36,X
6158905,0,C
6158905,-1,C
6158905,-2,C
6158905,-3,C
6158905,-4,C
6158905,-5,C
6158905,-6,C
6158905,-7,C
6158905,-8,C
6158905,-9,C
6158905,-10,C
6158905,-11,C
6158905,-12,C
6158905,-13,0
6158905,-14,0
6158905,-15,0
6158906,-32,C
6158906,-33,C
6158906,-34,1
6158906,-35,1
6158906,-36,0
6158906,-37,1
6158906,-38,1
6158906,-39,X
6158906,-40,1
6158906,-41,1
6158906,-42,0
6158906,-43,0
6158906,-44,0
6158906,-45,0
6158906,-46,X
6158906,-47,X
6158907,-21,C
6158907,-22,C
6158907,-23,1
6158907,-24,1
6158907,-25,0
6158907,-26,1
6158907,-27,1
6158907,-28,X
6158907,-29,1
6158907,-30,1
6158907,-31,0
6158907,-32,0
6158907,-33,0
6158907,-34,0
6158907,-35,X
6158907,-36,X
6158908,-18,0
6158908,-19,1
6158908,-20,1
6158908,-21,0
6158909,0,0
6158909,-1,0
6158909,-2,X
6158909,-3,X
6153027,0,C
6153027,-1,C
6153027,-2,C
6153027,-3,C
6153027,-4,C
6153027,-5,C
6153027,-6,C
6153027,-7,C
6153027,-8,C
6153027,-9,C
6153027,-10,C
6153027,-11,C
6153027,-12,C
6153027,-13,C
6153027,-14,C
6153027,-15,C
6153027,-16,C
6153027,-17,C
6153027,-18,C
6153027,-19,C
6153027,-20,0
6153027,-21,0
6153027,-22,0
6153027,-23,0
6153027,-24,0
6153027,-25,0
6291458,0,C
6291458,-1,C
6291458,-2,C
6291458,-3,C
6291458,-4,C
6291458,-5,C
6291458,-6,C
6291458,-7,C
6291458,-8,C
6291458,-9,C
6291458,-10,C
6291458,-11,C
6291458,-12,C
6291458,-13,C
6291458,-14,C
6291458,-15,C
6291458,-16,C
6291458,-17,C
6291458,-18,C
6291458,-19,C
6291458,-20,C
6291458,-21,C
6291458,-22,C
6291458,-23,C
6291458,-24,C
6291458,-25,C
6291458,-26,C
6291458,-27,C
6291458,-28,C
6291458,-29,C
6291458,-30,C
6291458,-31,C
6291458,-32,C
6291458,-33,C
6291458,-34,C
6291458,-35,C
6291458,-36,C
6291458,-37,C
6291458,-38,C
6291458,-39,C
6291458,-40,C
6291458,-41,C
6291458,-42,C
6291458,-43,C
6291458,-44,C
6291458,-45,C
6291458,-46,C
6291458,-47,C
6291458,-48,C
6291458,-49,C
6291458,-50,C
6291458,-51,C
6291458,-52,C
6291458,-53,C
6291458,-54,C
6291458,-55,C
6291458,-56,C
6291458,-57,C
6291458,-58,C
6291458,-59,0
6291458,-60,0
6291458,-61,0
6291458,-62,0
6291458,-63,0
6291458,-64,0
6291458,-65,X
6291458,-66,0
6291458,-67,0
6291458,-68,0
6291458,-69,2
6291458,-70,0
6612298,0,1
6612298,-1,1
6612298,-2,1
6612298,-3,0
6612298,-4,0
6612298,-5,0
6612298,-6,0
6612298,-7,0
6612298,-8,X
6612298,-9,0
6612298,-10,0
6612298,-11,1
6612298,-12,X
6612298,-13,0
6612298,-14,X
6612298,-15,0
6612298,-16,X
6612299,0,X
6612299,-1,X
6612299,-2,X
6612299,-3,X
6612299,-4,X
6612299,-5,X
6612299,-6,0
6612299,-7,X
6612299,-8,1
6612299,-9,X
6612299,-10,0
6612299,-11,X
6348205,0,C
6348205,-1,C
6348205,-2,C
6348205,-3,C
6348205,-4,C
6348205,-5,C
6348205,-6,C
6348205,-7,C
6348205,-8,C
6348205,-9,C
6348205,-10,C
6348205,-11,C
6348205,-12,C
6348205,-13,C
6348205,-14,C
6348205,-15,C
6348205,-16,C
6348205,-17,C
6348205,-18,C
6348205,-19,C
6348205,-20,C
6348205,-21,C
6348205,-22,C
6348205,-23,C
6348205,-24,C
6348205,-25,C
6348205,-26,C
6348205,-27,C
6348205,-28,C
6348205,-29,0
6348205,-30,0
6348205,-31,0
6348205,-32,0
6348205,-33,0
6348205,-34,0
6348205,-35,0
6348205,-36,0
6348205,-37,0
6348205,-38,0
6348205,-39,0
6348205,-40,0
6348205,-41,0
6348205,-42,0
6348205,-43,0
6348205,-44,0
6348205,-45,0
6348205,-46,0
6348205,-47,0
6348205,-48,0
6348205,-49,0
6348205,-50,0
6348205,-51,0
6348205,-52,0
6348205,-53,0
6348205,-54,0
6348205,-55,0
6348205,-56,0
6348205,-57,0
6348205,-58,0
6348205,-59,0
6348205,-60,0
6348205,-61,0
6348205,-62,0
6348205,-63,0
6348205,-64,0
6348205,-65,0
6348205,-66,0
6348205,-67,0
6348205,-68,0
6348205,-69,0
6348205,-70,0
6348205,-71,0
6348205,-72,0
6348205,-73,0
6348205,-74,0
6348205,-75,0
5653667,-57,C
5653667,-58,C
5653667,-59,0
5653667,-60,0
5653667,-61,1
5653667,-62,0
5653667,-63,0
5653667,-64,0
5653668,-67,C
5653668,-68,C
5653668,-69,0
5653668,-70,0
5653668,-71,1
5653668,-72,0
5653668,-73,0
5653668,-74,0
5653669,0,C
5653669,-1,C
5653669,-2,C
5653669,-3,C
5653669,-4,C
5653669,-5,C
5653669,-6,X
5653669,-7,X
5653669,-8,X
5653669,-9,X
5653669,-10,X
5653669,-11,X
5653669,-12,X
5653669,-13,X
5653669,-14,X
5653669,-15,X
5653670,0,1
5653670,-1,0
5653670,-2,0
5653670,-3,0
6158903,-19,C
6158903,-20,C
6158903,-21,1
6158903,-22,1
6158903,-23,0
6158903,-24,1
6158903,-25,1
6158903,-26,X
6158903,-27,1
6158903,-28,1
6158903,-29,0
6158903,-30,0
6158903,-31,0
6158903,-32,0
6158903,-33,X
6158903,-34,X
6625592,-78,C
6625592,-79,C
6625592,-80,C
6625592,-81,C
6625592,-82,C
6625592,-83,C
6625592,-84,C
6625592,-85,C
6625592,-86,C
6625592,-87,C
6625592,-88,C
6625592,-89,C
6625592,-90,C
6625592,-91,0
6625592,-92,0
6625593,-30,0
6625593,-31,0
6625593,-32,0
6625593,-33,0
6625593,-34,0
6625593,-35,0
6625593,-36,0
6625593,-37,1
6625593,-38,0
6625593,-39,0
6625593,-40,0
6625593,-41,0
6625593,-42,0
6625593,-43,0
6625593,-44,0
6625593,-45,0
6625593,-46,0
6625593,-47,0
6625593,-48,1
6625593,-49,1
6625593,-50,0
6625593,-51,0
6625593,-52,0
6625593,-53,0
6625594,0,X
6625594,-1,X
6625594,-2,X
6625594,-3,X
6625594,-4,X
6625594,-5,X
6625594,-6,X
6625594,-7,X
6625594,-8,X
6625594,-9,X
6625594,-10,X
6625594,-11,X
6625594,-12,X
6625594,-13,X
6625594,-14,X
6625595,-35,X
6625595,-36,X
6625595,-37,X
6625595,-38,X
6625595,-39,X
6625595,-40,X
6625595,-41,X
6625595,-42,X
6625595,-43,X
6625595,-44,X
6625595,-45,X
6625595,-46,X
6625595,-47,X
6625595,-48,X
6625595,-49,X
6625595,-50,X
6625595,-51,X
6625595,-52,X
6625595,-53,X
6625595,-54,X
6625595,-55,X
6625595,-56,X
6625595,-57,X
6625595,-58,X
6625595,-59,X
6625595,-60,X
6625595,-61,X
6625595,-62,X
6625595,-63,X
6625595,-64,X
6625595,-65,X
6625595,-66,X
6625595,-67,X
6625595,-68,X
6625595,-69,X
6625595,-70,X
6625595,-71,X
6625595,-72,X
6625595,-73,X
6625595,-74,X
6625595,-75,X
6625595,-76,X
6625595,-77,X
6625595,-78,X
6625595,-79,X
6625595,-80,X
6625595,-81,X
6625595,-82,X
6625595,-83,X
6625595,-84,X
6625595,-85,X
6625595,-86,X
6625595,-87,X
6625595,-88,X
6744278,-7,C
6744278,-8,C
6744278,-9,C
6744278,-10,C
6744278,-11,C
6744278,-12,0
6744278,-13,X
6744278,-14,0
5295749,0,0
5295749,-1,0
5295749,-2,0
6603200,-1,X
6603200,-2,0
6603200,-3,0
6603200,-4,0
6603200,-5,0
6603200,-6,X
6603200,-7,X
6603200,-8,0
6603200,-9,0
6603200,-10,0
6603201,0,X
6603201,-1,0
6603201,-2,0
6603201,-3,0
6603201,-4,0
6603201,-5,0
6603201,-6,0
6603201,-7,0
6603201,-8,0
6113835,-19,C
6113835,-20,C
6113835,-21,1
6113835,-22,1
6113835,-23,0
6113835,-24,1
6113835,-25,1
6113835,-26,X
6113835,-27,1
6113835,-28,1
6113835,-29,0
6113835,-30,0
6113835,-31,0
6113835,-32,0
6113835,-33,X
6113835,-34,X
6625591,-3,X
6625591,-4,X
6625591,-5,X
6625591,-6,X
6625591,-7,X
6625591,-8,X
6625591,-9,X
6625591,-10,X
6625591,-11,X
6625591,-12,X
6625591,-13,X
6625591,-14,X
6625591,-15,X
6625591,-16,X
6625591,-17,X
6625591,-18,X
6625591,-19,X
6625591,-20,X
6625591,-21,X
6625591,-22,X
6625591,-23,X
6625591,-24,X
6625591,-25,X
6625591,-26,X
6625591,-27,X
6625591,-28,X
6625591,-29,X
6625591,-30,X
6625591,-31,X
6625591,-32,X
6625591,-33,X
6625591,-34,X
6625591,-35,X
6625591,-36,X
6625591,-37,X
6625591,-38,X
6625591,-39,X
6625591,-40,X
6625591,-41,X
6625591,-42,X
6625591,-43,X
6625591,-44,X
6625591,-45,X
6625591,-46,X
6625591,-47,X
6625591,-48,X
6625591,-49,X
6625591,-50,X
6625591,-51,X
6625591,-52,X
6625591,-53,X
6625591,-54,X
6625591,-55,X
6625591,-56,X
5576630,-2,C
5576630,-3,C
5576630,-4,C
5576630,-5,C
5576630,-6,C
5576630,-7,C
5576630,-8,C
5576630,-9,C
5576630,-10,C
5576630,-11,C
5576630,-12,C
5576630,-13,C
5576630,-14,C
5576630,-15,C
5576630,-16,C
5576630,-17,C
5576630,-18,C
5576630,-19,C
5576630,-20,C
5576630,-21,C
5576630,-22,C
5576630,-23,C
5576630,-24,C
5576630,-25,C
5576630,-26,C
5576630,-27,C
5576630,-28,0
5576630,-29,0
5576630,-30,0
5576630,-31,0
5576630,-32,0
5576630,-33,0
5576630,-34,0
5576630,-35,0
5576630,-36,0
5576630,-37,0
5576632,-55,C
5576632,-56,C
5576632,-57,C
5576632,-58,C
5576632,-59,C
5576632,-60,C
5576632,-61,C
5576632,-62,C
5576632,-63,C
5576632,-64,C
5576632,-65,C
5576632,-66,C
5576632,-67,C
5576632,-68,C
5576632,-69,C
5576632,-70,C
5576632,-71,C
5576632,-72,C
5576632,-73,C
5576632,-74,C
5576632,-75,C
5576632,-76,C
5576632,-77,C
5576632,-78,C
5576632,-79,C
5576632,-80,C
5576632,-81,0
5576632,-82,0
5576632,-83,0
5576632,-84,0
5576632,-85,0
5576632,-86,0
5576632,-87,0
5576632,-88,0
5576632,-89,0
5576632,-90,0
6102747,-37,0
6102747,-38,X
6102748,-85,0
6102748,-86,X
5369259,0,C
5369259,-1,C
5369259,-2,C
5369259,-3,C
5369259,-4,C
5369259,-5,C
5369259,-6,C
5369259,-7,C
5369259,-8,C
5369259,-9,C
5369259,-10,C
5369259,-11,C
5369259,-12,C
5369259,-13,C
5369259,-14,C
5369259,-15,0
5369259,-16,0
5369259,-17,0
5369259,-18,0
5369259,-19,0
5369259,-20,0
5369259,-21,0
5369259,-22,0
5369259,-23,0
5369259,-24,0
5369259,-25,0
5369259,-26,0
5369260,-13,X
5369260,-14,X
5369260,-15,X
5369260,-16,X
5369260,-17,X
5369260,-18,X
5369260,-19,X
5369260,-20,X
5369260,-21,X
5369260,-22,X
5369260,-23,X
5369260,-24,X
5369260,-25,X
5369260,-26,X
5369260,-27,X
5369260,-28,X
5369260,-29,X
5369260,-30,X
5369260,-31,X
5369260,-32,X
5369260,-33,X
5369260,-34,X
5369260,-35,X
5369260,-36,X
5369260,-37,X
5369260,-38,X
5369260,-39,X
5369261,0,C
5369261,-1,C
5369261,-2,C
5369261,-3,C
5369261,-4,C
5369261,-5,C
5369261,-6,C
5369261,-7,C
5369261,-8,C
5369261,-9,C
5369261,-10,C
5369261,-11,C
5369261,-12,C
5369261,-13,C
5369261,-14,C
5369261,-15,C
5369261,-16,C
5369261,-17,C
5369261,-18,C
5369261,-19,C
5369261,-20,C
5369261,-21,C
5369261,-22,C
5369261,-23,C
5369261,-24,C
5369261,-25,C
5369261,-26,C
5369261,-27,C
5369261,-28,C
5369261,-29,C
5369261,-30,C
5369261,-31,C
5369261,-32,C
5369261,-33,C
5369261,-34,C
5369261,-35,C
5369261,-36,C
5369261,-37,C
5369261,-38,C
5369261,-39,C
5369261,-40,C
5369261,-41,C
5369261,-42,C
5369261,-43,C
5369261,-44,0
5369261,-45,0
5369261,-46,0
5369261,-47,0
5369261,-48,0
5369261,-49,0
5369261,-50,0
5369261,-51,0
5369261,-52,0
5369261,-53,0
5369261,-54,0
5369261,-55,X
5369262,0,C
5369262,-1,C
5369262,-2,C
5369262,-3,C
5369262,-4,C
5369262,-5,C
5369262,-6,C
5369262,-7,C
5369262,-8,C
5369262,-9,C
5369262,-10,C
5369262,-11,C
5369262,-12,C
5369262,-13,C
5369262,-14,C
5369262,-15,C
5369262,-16,C
5369262,-17,C
5369262,-18,C
5369262,-19,C
5369262,-20,C
5369262,-21,C
5369262,-22,C
5369262,-23,C
5369262,-24,C
5369262,-25,C
5369262,-26,C
5369262,-27,C
5369262,-28,0
5369262,-29,0
5369262,-30,0
5369262,-31,0
5369262,-32,0
5369262,-33,0
5369262,-34,0
5369262,-35,0
5369262,-36,0
5369262,-37,0
5369262,-38,0
5369262,-39,0
5564644,0,C
5564644,-1,C
5564644,-2,C
5564644,-3,C
5564644,-4,C
5564644,-5,C
5564644,-6,C
5564644,-7,C
5564644,-8,C
5564644,-9,C
5564644,-10,C
5564644,-11,C
5564644,-12,C
5564644,-13,C
5564644,-14,C
5564644,-15,C
5564644,-16,C
5564644,-17,C
5564644,-18,C
5564644,-19,C
5564644,-20,C
5564644,-21,C
5564644,-22,C
5564644,-23,C
5564644,-24,C
5564644,-25,C
5564644,-26,C
5564644,-27,C
5564644,-28,C
5564644,-29,C
5564644,-30,C
5564644,-31,C
5564644,-32,C
5564644,-33,C
5564644,-34,C
5564644,-35,C
5564644,-36,C
5564644,-37,C
5564644,-38,C
5564644,-39,C
5564644,-40,C
5564644,-41,C
5564644,-42,C
5564644,-43,C
5564644,-44,0
5564644,-45,0
5564644,-46,0
5564644,-47,0
5564644,-48,0
5564644,-49,0
5564644,-50,0
5564644,-51,0
5564644,-52,0
5564644,-53,0
5564644,-54,0
5564644,-55,X
