SK_ID_PREV,SK_ID_CURR,NUM_INSTALMENT_VERSION,NUM_INSTALMENT_NUMBER,DAYS_INSTALMENT,DAYS_ENTRY_PAYMENT,AMT_INSTALMENT,AMT_PAYMENT
2480304,100012,3.0,4,-387.0,-428.0,5242.86,5242.86
2227125,100009,1.0,3,-214.0,-227.0,8821.26,8821.26
2425354,100035,1.0,4,-1067.0,-1070.0,18201.645,18201.645
1430602,100011,1.0,12,-2147.0,-1189.0,14588.55,449.685
1810518,100003,1.0,2,-686.0,-690.0,98356.995,98356.995
1950847,100061,1.0,10,-1272.0,-1270.0,6006.285,5860.35
1562063,100017,1.0,13,-221.0,-231.0,11783.52,11783.52
2088496,100044,1.0,8,-2119.0,-2130.0,22962.33,22962.33
1189316,100025,1.0,9,-1429.0,-1428.0,23833.575,23833.575
2305060,100041,1.0,3,-1417.0,-1499.0,7297.515,7297.515
1252218,100026,1.0,1,-1396.0,-1409.0,23608.485,23608.485
1176822,100018,1.0,3,-1553.0,-1553.0,48759.525,48759.525
2411919,100023,1.0,9,-1579.0,-1602.0,7992.0,7992.0
2256622,100054,1.0,9,-205.0,-215.0,8896.23,8896.23
1413109,100009,1.0,9,-178.0,-194.0,8996.76,8996.76
1597345,100016,1.0,6,-2782.0,-2788.0,4886.505,4886.505
1251047,100016,1.0,11,-717.0,-725.0,14480.46,14476.5
1905091,100035,1.0,1,-693.0,-698.0,16819.74,16819.74
1748547,100062,1.0,2,-235.0,-240.0,29745.0,29745.0
2314167,100045,1.0,5,-1718.0,-1726.0,8334.405,8334.405
2421381,100009,1.0,2,-765.0,-780.0,7435.845,7435.845
1185699,100043,1.0,7,-2200.0,-2211.0,5287.815,5287.815
1137041,100044,1.0,14,-2180.0,-2248.0,12088.8,12088.8
1907290,100008,1.0,5,-2179.0,-2183.0,12144.285,12144.285
1907290,100008,1.0,8,-2089.0,-2091.0,12144.285,12144.285
2088496,100044,1.0,10,-2059.0,-2058.0,22962.33,22962.33
2243464,100050,1.0,5,-339.0,-350.0,6919.605,6919.605
1359598,100009,1.0,5,-2818.0,-2841.0,6160.5,6160.5
1319299,100022,1.0,7,-29.0,-51.0,6765.975,6765.975
1189316,100025,1.0,14,-1279.0,-1281.0,23833.575,23833.575
1251047,100016,1.0,6,-867.0,-844.0,14480.46,3.96
2824473,100016,1.0,9,-1055.0,-1061.0,7124.04,7124.04
2119973,100007,1.0,4,-2236.0,-2234.0,1834.29,1834.29
2462742,100007,1.0,4,-1646.0,-1654.0,3601.53,3601.53
1074770,100020,1.0,4,-121.0,-139.0,5729.265,5729.265
1029269,100039,1.0,3,-1706.0,-1737.0,5074.29,5074.29
2164190,100012,2.0,19,-262.0,-307.0,11057.535,11057.535
2083316,100063,2.0,2,-1025.0,-1054.0,189971.055,189971.055
2218188,100008,1.0,6,-189.0,-190.0,17885.835,17885.835
2492683,100043,1.0,25,-469.0,-598.0,10363.275,10363.275
2190416,100006,1.0,3,-221.0,-226.0,29027.52,29027.52
2794143,100011,1.0,22,-529.0,-527.0,31295.25,27193.185
1232720,100049,1.0,5,-443.0,-444.0,6103.305,6103.305
1194857,100061,1.0,16,-229.0,-231.0,44223.12,44223.12
2218188,100008,1.0,3,-279.0,-292.0,17885.835,17885.835
1874778,100056,1.0,9,-1896.0,-1893.0,21678.705,21633.03
2063227,100044,1.0,12,-1162.0,-1164.0,29545.2,29545.2
1874778,100056,1.0,28,-1326.0,-1340.0,21678.705,21678.705
2824473,100016,1.0,18,-785.0,-784.0,7124.04,7124.04
1709863,100036,1.0,6,-215.0,-230.0,6551.415,6551.415
1843384,100011,0.0,31,-1318.0,-1321.0,9000.0,9000.0
2411919,100023,1.0,1,-1819.0,-1831.0,7992.0,7992.0
1874778,100056,1.0,12,-1806.0,-1834.0,21678.705,45.675
1189316,100025,1.0,11,-1369.0,-1393.0,23833.575,2.925
2794143,100011,1.0,26,-409.0,-408.0,31295.25,31295.25
2134202,100055,1.0,10,-483.0,-491.0,11150.595,11150.595
2425354,100035,1.0,6,-1007.0,-1000.0,18201.645,18201.645
1950847,100061,1.0,11,-1242.0,-1270.0,6006.285,147.15
1843384,100011,0.0,9,-1987.0,-1996.0,9000.0,9000.0
1557583,100043,0.0,11,-797.0,-798.0,18771.66,18771.66
1562063,100017,1.0,17,-101.0,-110.0,11783.52,11783.52
2052027,100045,2.0,5,-867.0,-870.0,50444.73,50444.73
2052027,100045,2.0,17,-507.0,-508.0,50444.73,50444.73
1185699,100043,1.0,2,-2350.0,-2360.0,5287.815,5287.815
2824473,100016,1.0,21,-695.0,-697.0,7124.04,7124.04
2803221,100045,1.0,2,-1430.0,-1430.0,9011.61,9011.61
1035321,100047,1.0,8,-2391.0,-2398.0,4586.895,4586.895
2037234,100033,13.0,112,-496.0,-495.0,257.67,257.67
1874778,100056,1.0,23,-1476.0,-1471.0,21678.705,21633.03
1636219,100056,1.0,5,-2672.0,-2671.0,13502.385,238.5
1845095,100052,1.0,4,-341.0,-342.0,4364.595,4364.595
1137041,100044,1.0,11,-2270.0,-2341.0,12088.8,12088.8
1874778,100056,1.0,12,-1806.0,-1800.0,21678.705,21633.03
1213820,100021,1.0,2,-200.0,-210.0,7424.865,7424.865
1874778,100056,1.0,16,-1686.0,-1715.0,21678.705,45.675
1515914,100016,1.0,7,-2159.0,-2163.0,6042.915,6042.915
1557583,100043,0.0,37,-401.0,-420.0,2250.0,2250.0
1874778,100056,1.0,22,-1506.0,-1500.0,21678.705,21633.03
1038818,100002,1.0,16,-115.0,-133.0,9251.775,9251.775
1885254,100059,1.0,6,-146.0,-157.0,16294.5,16294.5
1874778,100056,1.0,13,-1776.0,-1774.0,21678.705,21633.03
1209367,100049,0.0,6,-126.0,-143.0,4626.0,65.34
1026256,100054,1.0,8,-45.0,-51.0,10349.91,10349.91
1905091,100035,1.0,2,-663.0,-671.0,16819.74,16819.74
2037234,100033,1.0,2,-788.0,-782.0,5542.92,5541.84
1209367,100049,0.0,10,-65.0,-72.0,5962.275,5962.275
1528842,100061,3.0,15,-347.0,-350.0,34431.48,34431.48
1692033,100007,1.0,9,-104.0,-106.0,16037.64,16037.64
1670175,100035,1.0,1,-1397.0,-1398.0,22857.75,22857.75
1038818,100002,1.0,8,-355.0,-375.0,9251.775,9251.775
1191663,100060,1.0,2,-406.0,-415.0,12177.0,90000.0
1191663,100060,2.0,2,-406.0,-415.0,77823.0,90000.0
1060558,100048,0.0,37,-410.0,-410.0,1458.27,1458.27
1213820,100021,1.0,8,-20.0,-66.0,7424.865,7424.865
1874778,100056,1.0,18,-1626.0,-1620.0,21678.705,21633.03
2190416,100006,1.0,7,-101.0,-104.0,29027.52,29027.52
1168900,100051,1.0,6,-375.0,-392.0,6887.16,6887.16
2492683,100043,1.0,5,-1069.0,-1081.0,10363.275,10363.275
1430602,100011,1.0,9,-2237.0,-2225.0,14614.335,5614.335
2449573,100035,1.0,1,-1598.0,-1616.0,6236.82,6236.82
1514918,100049,1.0,10,-1180.0,-1192.0,5800.905,5800.905
1748547,100062,1.0,6,-115.0,-119.0,29745.0,29745.0
1294812,100020,1.0,6,-291.0,-308.0,8776.755,8776.755
1223113,100046,1.0,15,-89.0,-89.0,28390.635,28390.635
1548007,100061,1.0,7,-1011.0,-1024.0,26472.24,26472.24
2384838,100037,1.0,9,-269.0,-285.0,17813.25,17813.25
2384838,100037,2.0,11,-209.0,-235.0,34758.18,34758.18
2449573,100035,2.0,7,-1418.0,-1427.0,22905.18,22905.18
1562063,100017,1.0,11,-281.0,-296.0,11783.52,11783.52
1027737,100015,1.0,9,-2120.0,-2129.0,7666.92,7666.92
1182112,100049,1.0,7,-206.0,-210.0,7801.155,7801.155
1060558,100048,0.0,8,-818.0,-818.0,339.66,339.66
2001242,100007,1.0,3,-774.0,-777.0,16509.6,16509.6
1185699,100043,1.0,8,-2170.0,-2190.0,5273.73,5273.73
2052027,100045,2.0,4,-897.0,-900.0,50444.73,50444.73
1874778,100056,1.0,10,-1866.0,-1893.0,21678.705,45.675
2339761,100063,1.0,18,-213.0,-212.0,24650.1,2849.175
2449573,100035,1.0,6,-1448.0,-1448.0,6236.82,6236.82
2339761,100063,1.0,9,-483.0,-482.0,24650.1,801.135
2134202,100055,1.0,7,-573.0,-583.0,11150.595,11150.595
2134202,100055,1.0,5,-633.0,-644.0,11150.595,11150.595
2063227,100044,1.0,10,-1222.0,-1225.0,29545.2,29545.2
2339761,100063,1.0,17,-243.0,-236.0,24650.1,22098.825
2243829,100012,1.0,6,-1491.0,-1489.0,3012.075,2025.0
1874778,100056,1.0,20,-1566.0,-1560.0,21678.705,21633.03
1212261,100053,1.0,3,-260.0,-262.0,10720.35,10720.35
2339761,100063,1.0,12,-393.0,-393.0,24650.1,24650.1
2052027,100045,2.0,10,-717.0,-718.0,50444.73,50444.73
1213820,100021,1.0,5,-110.0,-124.0,7424.865,7424.865
1035321,100047,1.0,2,-2571.0,-2577.0,4586.895,4586.895
1515914,100016,1.0,10,-2069.0,-2072.0,6042.915,6042.915
2425354,100035,1.0,9,-917.0,-915.0,18201.645,18201.645
1131053,100023,2.0,8,-2183.0,-2212.0,24968.43,24968.43
2164190,100012,2.0,3,-742.0,-808.0,11057.535,11057.535
1168900,100051,1.0,7,-345.0,-359.0,6887.16,6887.16
1843384,100011,0.0,62,-464.0,-464.0,563.355,563.355
1294812,100020,1.0,3,-381.0,-387.0,8779.77,8779.77
1562063,100017,1.0,9,-341.0,-350.0,11783.52,11783.52
2256622,100054,1.0,6,-295.0,-303.0,8896.23,8896.23
2803221,100045,1.0,9,-1220.0,-1219.0,9011.61,9011.61
1168900,100051,1.0,2,-495.0,-502.0,6887.16,6887.16
1843384,100011,0.0,36,-1256.0,-1256.0,563.355,563.355
1194857,100061,1.0,14,-289.0,-294.0,44223.12,44223.12
2339761,100063,1.0,14,-333.0,-333.0,24650.1,24650.1
2063227,100044,1.0,18,-982.0,-984.0,29545.2,29545.2
2447872,100027,1.0,9,-524.0,-533.0,28077.57,28077.57
1060558,100048,0.0,12,-762.0,-762.0,5143.86,5143.86
1137041,100044,1.0,17,-2090.0,-2130.0,12088.8,12088.8
1709863,100036,1.0,7,-185.0,-197.0,6551.415,6551.415
1430602,100011,1.0,11,-2177.0,-2193.0,14614.335,9000.0
2243829,100012,1.0,6,-1491.0,-1522.0,3012.075,5.85
1288446,100045,1.0,6,-2598.0,-2597.0,6310.53,6310.53
2425354,100035,1.0,11,-857.0,-856.0,18201.645,18201.645
2007057,100009,1.0,3,-217.0,-227.0,7500.735,7500.735
2052027,100045,3.0,25,-267.0,-291.0,540713.61,540713.61
1390369,100034,3.0,4,-479.0,-483.0,13888.98,13888.98
2052027,100045,2.0,13,-627.0,-627.0,50444.73,50444.73
1885254,100059,1.0,8,-86.0,-110.0,16294.5,16294.5
1514918,100049,1.0,6,-1300.0,-1330.0,5791.725,2991.375
1843384,100011,0.0,4,-2138.0,-2150.0,9000.0,9000.0
2426800,100047,1.0,8,-1227.0,-1228.0,11117.7,11117.7
1251951,100018,1.0,2,-119.0,-138.0,4180.365,4180.365
2492683,100043,1.0,14,-799.0,-827.0,10363.275,10363.275
2314167,100045,1.0,15,-1418.0,-1425.0,8334.405,8334.405
1239349,100025,1.0,4,-768.0,-767.0,39798.99,39798.99
2179840,100030,1.0,1,-347.0,-374.0,9035.685,9035.685
2063227,100044,1.0,13,-1132.0,-1141.0,29545.2,29545.2
1811514,100027,1.0,5,-321.0,-332.0,21569.22,21569.22
1907290,100008,1.0,10,-2029.0,-2056.0,11986.155,11758.995
1212261,100053,1.0,10,-50.0,-49.0,10720.35,10720.35
2613879,100008,1.0,3,-549.0,-555.0,25309.575,25309.575
1496284,100039,2.0,4,-2277.0,-2297.0,12614.31,12614.31
1366912,100048,1.0,6,-134.0,-138.0,57466.53,57466.53
2824473,100016,1.0,10,-1025.0,-1032.0,7124.04,7124.04
1251047,100016,1.0,4,-927.0,-938.0,14480.46,14480.46
1811514,100027,1.0,6,-291.0,-301.0,21569.22,21569.22
1143325,100030,2.0,1,-2818.0,-2818.0,16934.985,16934.985
2164190,100012,2.0,22,-172.0,-208.0,11057.535,10174.05
2305060,100041,1.0,1,-1477.0,-1499.0,7297.515,7297.515
1223113,100046,1.0,1,-509.0,-509.0,28390.635,28390.635
1843384,100011,0.0,60,-525.0,-525.0,563.355,563.355
1461368,100040,1.0,2,-977.0,-977.0,18984.24,18984.24
1620327,100019,1.0,2,-864.0,-910.0,10518.615,10518.615
2037234,100033,1.0,3,-758.0,-742.0,5542.92,5540.76
1516108,100044,1.0,4,-258.0,-268.0,8565.705,8565.705
1035321,100047,1.0,1,-2601.0,-2612.0,4586.895,4586.895
1186888,100008,1.0,5,-2371.0,-2395.0,8019.09,8019.09
2803221,100045,1.0,1,-1460.0,-1463.0,9011.61,9011.61
2243464,100050,1.0,8,-249.0,-258.0,6919.605,6919.605
1670175,100035,1.0,17,-917.0,-915.0,22857.75,22739.67
1562063,100017,1.0,4,-491.0,-504.0,11783.52,11783.52
2421381,100009,1.0,4,-705.0,-713.0,7435.845,7435.845
1709863,100036,1.0,9,-125.0,-134.0,6551.415,6551.415
1557583,100043,0.0,8,-861.0,-861.0,2572.11,2572.11
1557583,100043,0.0,17,-705.0,-706.0,20989.665,20989.665
1038818,100002,2.0,19,-25.0,-49.0,53093.745,53093.745
1060558,100048,0.0,23,-574.0,-574.0,8172.27,8172.27
2134202,100055,1.0,4,-663.0,-676.0,11150.595,11150.595
2037234,100033,11.0,110,-557.0,-553.0,160.515,160.515
1843384,100011,0.0,38,-1195.0,-1195.0,563.355,563.355
1810518,100003,1.0,3,-656.0,-661.0,98356.995,98356.995
1288446,100045,1.0,1,-2748.0,-2748.0,6319.35,6319.35
1060558,100048,0.0,1,-878.0,-893.0,10682.28,10682.28
2492683,100043,1.0,10,-919.0,-939.0,10363.275,10363.275
1670175,100035,1.0,5,-1277.0,-1278.0,22857.75,22857.75
1692033,100007,1.0,2,-314.0,-317.0,16037.64,16037.64
2794143,100011,1.0,9,-919.0,-919.0,31295.25,31295.25
1620327,100019,2.0,6,-744.0,-750.0,33850.665,44369.28
1620327,100019,1.0,6,-744.0,-750.0,10518.615,44369.28
2063227,100044,1.0,6,-1342.0,-1343.0,29545.2,29545.2
1209367,100049,0.0,14,-38.0,-38.0,12.105,12.105
2243829,100012,2.0,9,-1401.0,-1407.0,10660.095,10660.095
1843384,100011,0.0,72,-160.0,-160.0,563.355,563.355
1137041,100044,1.0,5,-2450.0,-2465.0,12088.8,12088.8
1950847,100061,1.0,12,-1212.0,-1221.0,5978.655,5978.655
2396755,100003,1.0,4,-2220.0,-2226.0,6737.31,6737.31
2824473,100016,1.0,24,-605.0,-609.0,7055.19,7055.19
2314167,100045,1.0,9,-1598.0,-1610.0,8334.405,8334.405
1548007,100061,1.0,10,-921.0,-934.0,26472.24,26472.24
2243464,100050,1.0,14,-69.0,-79.0,6919.605,6919.605
1038818,100002,1.0,12,-235.0,-250.0,9251.775,9251.775
1874778,100056,1.0,23,-1476.0,-1500.0,21678.705,45.675
1191663,100060,4.0,4,-346.0,-365.0,6818.4,6818.4
1026256,100054,1.0,7,-75.0,-82.0,10349.91,10349.91
1168900,100051,1.0,8,-315.0,-315.0,6887.16,6887.16
2052027,100045,2.0,19,-447.0,-446.0,50444.73,50444.73
2119973,100007,1.0,6,-2176.0,-2172.0,1834.29,1834.29
1557583,100043,0.0,4,-920.0,-920.0,1473.525,1473.525
2339761,100063,1.0,21,-123.0,-122.0,24650.1,24650.1
1874778,100056,1.0,17,-1656.0,-1683.0,21678.705,45.675
1786922,100041,1.0,4,-2580.0,-2575.0,3268.485,3268.485
2299329,100006,1.0,3,-485.0,-562.0,2482.92,2482.92
1131053,100023,1.0,1,-2393.0,-2393.0,8519.13,8519.13
1620327,100019,1.0,5,-774.0,-840.0,10518.615,10518.615
1874778,100056,1.0,4,-2046.0,-2043.0,21678.705,21633.03
2052027,100045,2.0,12,-657.0,-659.0,50444.73,50444.73
1209367,100049,0.0,8,-95.0,-107.0,4531.725,4531.725
1562063,100017,1.0,1,-581.0,-594.0,11783.52,11783.52
1748547,100062,1.0,8,-55.0,-61.0,29745.0,29745.0
1814975,100054,1.0,10,-546.0,-551.0,8589.6,8589.6
1940724,100007,1.0,9,-836.0,-838.0,22678.785,22678.785
1251047,100016,1.0,15,-597.0,-571.0,14480.46,3.96
1944776,100054,1.0,3,-1155.0,-1160.0,6582.87,6582.87
1430602,100011,1.0,12,-2147.0,-2172.0,14588.55,8974.215
1077565,100039,2.0,1,-665.0,-695.0,172486.485,225000.0
1077565,100039,1.0,1,-665.0,-695.0,52513.515,225000.0
2462742,100007,1.0,11,-1436.0,-1436.0,3601.53,3601.53
1213820,100021,1.0,6,-80.0,-96.0,7424.865,7424.865
2396755,100003,1.0,9,-2070.0,-2071.0,6737.31,6737.31
1193310,100009,1.0,2,-1450.0,-1458.0,17341.605,17341.605
1940724,100007,1.0,7,-896.0,-896.0,22678.785,22678.785
1251047,100016,1.0,12,-687.0,-667.0,14480.46,3.96
1077565,100039,5.0,4,-575.0,-581.0,39812.715,140187.285
1077565,100039,6.0,4,-575.0,-581.0,100374.57,140187.285
1874778,100056,1.0,2,-2106.0,-2138.0,21678.705,45.675
1366912,100048,1.0,2,-254.0,-261.0,57466.53,57466.53
1670175,100035,1.0,10,-1127.0,-1127.0,22857.75,22857.75
1670175,100035,1.0,8,-1187.0,-1187.0,22857.75,22857.75
1271192,100025,1.0,2,-1999.0,-2004.0,7159.545,7159.545
1060558,100048,0.0,7,-817.0,-818.0,4610.34,4610.34
1252218,100026,1.0,2,-1366.0,-1374.0,23608.485,23608.485
1035321,100047,1.0,3,-2541.0,-2547.0,4586.895,4586.895
1038818,100002,1.0,9,-325.0,-344.0,9251.775,9251.775
1461079,100014,1.0,5,-693.0,-690.0,11567.475,11037.375
2794143,100011,1.0,27,-379.0,-373.0,31295.25,30219.435
2794143,100011,1.0,20,-589.0,-587.0,31295.25,27602.685
2396755,100003,1.0,5,-2190.0,-2199.0,6737.31,6737.31
1557583,100043,0.0,35,-432.0,-441.0,16484.31,16484.31
2425354,100035,1.0,3,-1097.0,-1096.0,18201.645,18201.645
1322806,100062,2.0,6,-276.0,-295.0,440267.175,440267.175
1319299,100022,1.0,1,-209.0,-231.0,6765.975,6765.975
2164190,100012,2.0,11,-502.0,-507.0,11057.535,11057.535
2305060,100041,1.0,7,-1297.0,-1279.0,7297.515,6352.605
1557583,100043,0.0,19,-674.0,-679.0,20529.765,20529.765
1168900,100051,1.0,3,-465.0,-489.0,6887.16,6887.16
1461079,100014,1.0,6,-663.0,-690.0,11567.475,1112.625
1528842,100061,3.0,19,-227.0,-230.0,34431.48,34431.48
2006578,100014,1.0,2,-34.0,-36.0,14045.625,14045.625
1709863,100036,1.0,8,-155.0,-166.0,6551.415,6551.415
1560053,100049,1.0,3,-2335.0,-2344.0,4543.11,4543.11
2794143,100011,1.0,14,-769.0,-772.0,31295.25,31295.25
2803221,100045,1.0,6,-1310.0,-1310.0,9011.61,9011.61
1826250,100056,1.0,3,-2530.0,-2530.0,17504.055,17504.055
2500673,100035,1.0,2,-717.0,-723.0,37279.665,37279.665
1168900,100051,1.0,14,-135.0,-135.0,6887.16,6887.16
1413109,100009,1.0,5,-298.0,-304.0,8996.76,8996.76
1562063,100017,1.0,16,-131.0,-144.0,11783.52,11783.52
2164190,100012,2.0,8,-592.0,-645.0,11057.535,11057.535
2190416,100006,1.0,6,-131.0,-138.0,29027.52,29027.52
2794143,100011,1.0,16,-709.0,-713.0,31295.25,31295.25
1194857,100061,1.0,9,-439.0,-451.0,44223.12,44223.12
2078043,100006,2.0,1,-151.0,-174.0,691786.89,691786.89
1366912,100048,1.0,10,-14.0,-20.0,57466.53,57466.53
1528842,100061,3.0,21,-167.0,-168.0,34431.48,34431.48
2243464,100050,1.0,13,-99.0,-106.0,6919.605,6919.605
1843384,100011,0.0,49,-859.0,-859.0,563.355,563.355
1670175,100035,1.0,14,-1007.0,-1000.0,22857.75,21578.985
2305060,100041,1.0,11,-1177.0,-1185.0,7297.515,7297.515
1038818,100002,1.0,13,-205.0,-224.0,9251.775,9251.775
2243464,100050,1.0,7,-279.0,-287.0,6919.605,6919.605
1182112,100049,1.0,9,-146.0,-155.0,7801.155,7801.155
1557583,100043,0.0,23,-613.0,-619.0,19463.31,19463.31
1874778,100056,1.0,19,-1596.0,-1591.0,21678.705,21633.03
2088496,100044,1.0,19,-1789.0,-1789.0,22962.33,22962.33
2425354,100035,1.0,10,-887.0,-886.0,18201.645,18201.645
2425547,100021,1.0,3,-759.0,-762.0,10248.615,10248.615
1557583,100043,0.0,18,-706.0,-706.0,160.335,160.335
1430602,100011,1.0,5,-2357.0,-2357.0,14614.335,14614.335
1027737,100015,1.0,8,-2150.0,-2129.0,7666.92,7666.92
2339761,100063,3.0,23,-58.0,-58.0,23922.54,23922.54
2088496,100044,1.0,24,-1639.0,-1640.0,22193.1,22193.1
2340827,100063,1.0,3,-1456.0,-1460.0,12495.24,12495.24
1528842,100061,3.0,3,-707.0,-709.0,34431.48,34431.48
1430602,100011,1.0,10,-2207.0,-2193.0,14614.335,5614.335
2492683,100043,1.0,2,-1159.0,-1175.0,10363.275,10363.275
1843384,100011,0.0,33,-1290.0,-1290.0,46485.0,46485.0
2835799,100025,1.0,4,-941.0,-965.0,23833.575,23833.575
2314167,100045,1.0,4,-1748.0,-1761.0,8334.405,8334.405
1843384,100011,0.0,18,-1711.0,-1715.0,9000.0,9000.0
1814975,100054,1.0,11,-516.0,-518.0,8589.6,8589.6
1251047,100016,1.0,5,-897.0,-910.0,14480.46,14476.5
1038818,100002,1.0,14,-175.0,-194.0,9251.775,9251.775
1843384,100011,0.0,35,-1286.0,-1286.0,563.355,563.355
2037234,100033,3.0,102,-682.0,-553.0,271.44,271.44
1717648,100052,2.0,4,-176.0,-192.0,17806.725,17806.725
1843384,100011,0.0,66,-341.0,-341.0,563.355,563.355
2179840,100030,2.0,5,-227.0,-233.0,17846.145,17846.145
1923010,100037,1.0,2,-2551.0,-2565.0,25595.82,25595.82
1843384,100011,0.0,71,-190.0,-190.0,563.355,563.355
2492683,100043,2.0,26,-439.0,-441.0,231779.655,231779.655
1843384,100011,0.0,3,-2168.0,-2182.0,9000.0,9000.0
1359598,100009,1.0,4,-2848.0,-2841.0,6155.28,6155.28
1074770,100020,1.0,7,-31.0,-35.0,5729.265,5729.265
2411919,100023,1.0,3,-1759.0,-1770.0,7992.0,7992.0
2063227,100044,1.0,15,-1072.0,-1072.0,29545.2,29545.2
1485871,100021,2.0,3,-505.0,-522.0,19242.27,19242.27
1077565,100039,7.0,6,-515.0,-521.0,36035.19,36035.19
1811514,100027,1.0,3,-381.0,-393.0,21569.22,21569.22
1528842,100061,3.0,18,-257.0,-260.0,34431.48,34431.48
1670175,100035,1.0,11,-1097.0,-1096.0,22857.75,22857.75
1251047,100016,1.0,14,-627.0,-609.0,14480.46,3.96
2256622,100054,1.0,7,-265.0,-274.0,8896.23,8896.23
2426800,100047,1.0,9,-1197.0,-1197.0,11117.7,11117.7
1515914,100016,1.0,3,-2279.0,-2279.0,6042.915,6042.915
2803221,100045,1.0,5,-1340.0,-1369.0,9011.61,804.015
2164190,100012,2.0,10,-532.0,-539.0,11057.535,11057.535
2305060,100041,1.0,9,-1237.0,-1246.0,7297.515,7297.515
2243829,100012,1.0,7,-1461.0,-1462.0,3012.075,3012.075
1060558,100048,0.0,22,-612.0,-612.0,2818.755,2818.755
1074770,100020,1.0,1,-211.0,-213.0,5729.265,5729.265
2227125,100009,1.0,2,-244.0,-256.0,8821.26,8821.26
1874778,100056,1.0,14,-1746.0,-1774.0,21678.705,45.675
2803221,100045,1.0,4,-1370.0,-1369.0,9011.61,9011.61
2794143,100011,1.0,5,-1039.0,-1049.0,31295.25,31295.25
1077565,100039,8.0,8,-455.0,-468.0,920794.5,920794.5
2339761,100063,1.0,4,-633.0,-632.0,24650.1,301.635
1191663,100060,4.0,3,-376.0,-396.0,6818.4,6818.4
1874778,100056,1.0,15,-1716.0,-1715.0,21678.705,21678.705
1801140,100043,1.0,1,-3.0,-13.0,25972.965,25972.965
2063227,100044,1.0,2,-1462.0,-1481.0,29545.2,29545.2
1060558,100048,0.0,9,-786.0,-791.0,4585.14,4585.14
2314167,100045,1.0,11,-1538.0,-1548.0,8334.405,8334.405
1042128,100040,1.0,4,-2898.0,-2907.0,4831.92,50.085
2824473,100016,1.0,11,-995.0,-1002.0,7124.04,7124.04
1060558,100048,0.0,40,-320.0,-320.0,1458.27,1458.27
1413109,100009,1.0,3,-358.0,-367.0,8996.76,8996.76
1026256,100054,1.0,1,-255.0,-264.0,10349.91,10349.91
2063227,100044,2.0,20,-922.0,-930.0,535731.885,535731.885
1026256,100054,1.0,9,-15.0,-28.0,10349.91,10349.91
1189316,100025,1.0,6,-1519.0,-1526.0,23833.575,23833.575
1843384,100011,0.0,76,-37.0,-37.0,563.355,563.355
1843384,100011,0.0,10,-1956.0,-1962.0,9000.0,9000.0
1112703,100009,1.0,3,-1471.0,-1475.0,9845.01,9845.01
1194857,100061,1.0,18,-169.0,-168.0,44223.12,44223.12
1717648,100052,1.0,3,-206.0,-223.0,6304.905,6304.905
1874778,100056,1.0,38,-1026.0,-1038.0,21678.705,21678.705
2088496,100044,1.0,23,-1669.0,-1669.0,22962.33,22962.33
1182112,100049,1.0,12,-56.0,-64.0,7793.415,7793.415
1874778,100056,1.0,24,-1446.0,-1471.0,21678.705,45.675
1168900,100051,1.0,12,-195.0,-196.0,6887.16,6887.16
2447872,100027,1.0,3,-704.0,-711.0,28077.57,28077.57
2769249,100017,1.0,3,-2338.0,-2342.0,16967.295,16967.295
1322806,100062,1.0,3,-366.0,-381.0,66663.9,66663.9
1557583,100043,0.0,32,-507.0,-507.0,284.355,284.355
2454202,100023,1.0,3,-172.0,-182.0,16822.44,16822.44
1562063,100017,1.0,6,-431.0,-446.0,11783.52,11783.52
1843384,100011,0.0,7,-2048.0,-2058.0,9000.0,9000.0
1239349,100025,1.0,3,-798.0,-797.0,39798.99,39798.99
1194857,100061,1.0,15,-259.0,-260.0,44223.12,44223.12
1430602,100011,1.0,6,-2327.0,-2326.0,14614.335,14614.335
1636219,100056,1.0,6,-2642.0,-2642.0,13502.385,13502.385
1461079,100014,1.0,10,-543.0,-542.0,11567.475,11567.475
1843384,100011,0.0,24,-1530.0,-1534.0,9000.0,9000.0
1557583,100043,0.0,36,-441.0,-441.0,316290.69,316290.69
1074770,100020,1.0,6,-61.0,-72.0,5729.265,5729.265
2063227,100044,1.0,4,-1402.0,-1403.0,29545.2,29545.2
2492683,100043,1.0,17,-709.0,-771.0,10363.275,10363.275
1597345,100016,1.0,5,-2812.0,-2815.0,4886.505,4886.505
2492683,100043,1.0,3,-1129.0,-1143.0,10363.275,10363.275
1874778,100056,1.0,5,-2016.0,-2043.0,21678.705,45.675
1811514,100027,1.0,9,-201.0,-205.0,21569.22,21569.22
1198431,100035,1.0,6,-1578.0,-1580.0,12001.86,12001.86
2480304,100012,3.0,7,-297.0,-327.0,5242.86,5242.86
1461079,100014,1.0,1,-813.0,-823.0,11567.475,11567.475
1557583,100043,0.0,13,-766.0,-758.0,18361.17,1.17
2803221,100045,1.0,10,-1190.0,-1192.0,9011.61,9011.61
2314167,100045,1.0,7,-1658.0,-1676.0,8334.405,8334.405
1038818,100002,1.0,17,-85.0,-99.0,9251.775,9251.775
2339761,100063,1.0,20,-153.0,-153.0,24650.1,24650.1
1562063,100017,1.0,10,-311.0,-321.0,11783.52,11783.52
2492683,100043,1.0,13,-829.0,-861.0,10363.275,10363.275
2256622,100054,1.0,1,-445.0,-453.0,8896.23,8896.23
1557583,100043,0.0,34,-463.0,-463.0,223.875,223.875
2243464,100050,1.0,3,-399.0,-413.0,6919.605,6919.605
2794143,100011,1.0,20,-589.0,-621.0,31295.25,3692.565
1060558,100048,0.0,34,-421.0,-440.0,1996.38,1996.38
1636219,100056,1.0,1,-2792.0,-2801.0,13502.385,13502.385
2164190,100012,2.0,13,-442.0,-455.0,11057.535,11057.535
1294812,100020,1.0,5,-321.0,-325.0,8779.77,8779.77
1131053,100023,1.0,5,-2273.0,-2273.0,8519.13,8519.13
1209367,100049,0.0,6,-126.0,-134.0,4626.0,4560.66
1557583,100043,0.0,27,-554.0,-563.0,18288.675,18288.675
1548007,100061,1.0,3,-1131.0,-1142.0,26472.24,26472.24
2083316,100063,1.0,1,-1055.0,-1054.0,14585.895,14585.895
1562063,100017,1.0,2,-551.0,-566.0,11783.52,11783.52
1137041,100044,1.0,13,-2210.0,-2307.0,12088.8,12088.8
1060558,100048,0.0,31,-452.0,-459.0,7245.765,7245.765
1548007,100061,1.0,1,-1191.0,-1203.0,26472.24,26472.24
1811514,100027,1.0,1,-441.0,-452.0,21569.22,21569.22
2411919,100023,1.0,5,-1699.0,-1719.0,7992.0,7992.0
1923010,100037,1.0,3,-2521.0,-2533.0,25595.82,25595.82
1060558,100048,0.0,20,-636.0,-636.0,423.315,423.315
1060558,100048,0.0,24,-574.0,-574.0,827.73,827.73
1212261,100053,1.0,1,-320.0,-334.0,10720.35,10720.35
1811514,100027,1.0,10,-171.0,-179.0,21569.22,21569.22
2384838,100037,1.0,2,-479.0,-494.0,17813.25,17813.25
1212261,100053,1.0,2,-290.0,-290.0,10720.35,10720.35
2134202,100055,1.0,2,-723.0,-737.0,11150.595,11150.595
1212261,100053,1.0,11,-20.0,-21.0,10720.35,10720.35
1557583,100043,0.0,25,-582.0,-598.0,18912.24,18912.24
1950847,100061,1.0,1,-1542.0,-1557.0,6006.285,6006.285
1843384,100011,0.0,37,-1225.0,-1225.0,563.355,563.355
1182112,100049,1.0,1,-386.0,-392.0,7801.155,7801.155
2794143,100011,1.0,25,-439.0,-467.0,31295.25,666.315
1060558,100048,0.0,39,-348.0,-348.0,1458.27,1458.27
2305060,100041,1.0,10,-1207.0,-1212.0,7297.515,7297.515
2052027,100045,2.0,6,-837.0,-840.0,50444.73,50444.73
1843384,100011,0.0,23,-1561.0,-1563.0,9000.0,9000.0
1874778,100056,1.0,19,-1596.0,-1620.0,21678.705,45.675
1597345,100016,1.0,7,-2752.0,-2755.0,4886.505,4886.505
1189316,100025,1.0,11,-1369.0,-1362.0,23833.575,23830.65
1885254,100059,1.0,2,-266.0,-285.0,16294.5,16294.5
2384838,100037,1.0,4,-419.0,-436.0,17813.25,17813.25
2396755,100003,1.0,7,-2130.0,-2136.0,6737.31,6737.31
1074770,100020,1.0,3,-151.0,-154.0,5729.265,5729.265
1514468,100059,1.0,1,-1255.0,-1267.0,68565.375,68565.375
1251047,100016,2.0,17,-537.0,-539.0,102028.14,102028.14
1874778,100056,1.0,22,-1506.0,-1532.0,21678.705,45.675
2462742,100007,1.0,1,-1736.0,-1742.0,3601.53,3601.53
1035321,100047,1.0,10,-2331.0,-2337.0,4577.94,4577.94
2218188,100008,1.0,7,-159.0,-165.0,17885.835,17885.835
2769249,100017,1.0,10,-2128.0,-2133.0,16891.56,16891.56
1251047,100016,1.0,10,-747.0,-725.0,14480.46,3.96
1186888,100008,1.0,1,-2491.0,-2519.0,8019.09,8019.09
1193310,100009,1.0,5,-1360.0,-1368.0,17341.605,17341.605
2794143,100011,1.0,15,-739.0,-740.0,31295.25,31295.25
2299329,100006,2.0,5,-425.0,-438.0,15159.645,15159.645
2063227,100044,1.0,5,-1372.0,-1392.0,29545.2,29545.2
1461368,100040,2.0,21,-407.0,-417.0,73324.26,73324.26
1874778,100056,1.0,24,-1446.0,-1441.0,21678.705,21633.03
1528842,100061,3.0,16,-317.0,-321.0,34431.48,34431.48
2440070,100061,1.0,1,-1035.0,-1045.0,12826.44,12826.44
2001242,100007,1.0,4,-744.0,-752.0,16509.6,16509.6
1060558,100048,0.0,33,-458.0,-458.0,139500.0,139500.0
2572058,100053,1.0,8,-409.0,-411.0,9636.705,9636.705
2314167,100045,1.0,3,-1778.0,-1788.0,8334.405,8334.405
2835799,100025,2.0,6,-888.0,-888.0,235772.28,235772.28
2218188,100008,1.0,8,-129.0,-135.0,17885.835,17885.835
1515914,100016,1.0,2,-2309.0,-2309.0,6042.915,6042.915
2425547,100021,1.0,4,-729.0,-762.0,10248.615,10248.615
1176822,100018,1.0,8,-1403.0,-1404.0,48759.525,48759.525
2243464,100050,1.0,15,-39.0,-49.0,6919.605,6919.605
2094741,100059,1.0,1,-461.0,-474.0,26149.68,26149.68
1213820,100021,1.0,7,-50.0,-96.0,7424.865,7424.865
2411919,100023,2.0,14,-1429.0,-1432.0,22761.9,22761.9
2001242,100007,2.0,10,-564.0,-574.0,16509.6,16509.6
1027737,100015,1.0,6,-2210.0,-2221.0,7666.92,7666.92
1843384,100011,0.0,21,-1622.0,-1626.0,9000.0,9000.0
2824473,100016,1.0,23,-635.0,-634.0,7124.04,7124.04
2243464,100050,1.0,9,-219.0,-231.0,6919.605,6919.605
1074770,100020,1.0,5,-91.0,-106.0,5729.265,5729.265
2411919,100023,1.0,10,-1549.0,-1592.0,7992.0,7992.0
1060558,100048,0.0,2,-893.0,-893.0,38817.72,38817.72
1198431,100035,1.0,5,-1608.0,-1616.0,12001.86,12001.86
1131053,100023,1.0,3,-2333.0,-2333.0,8519.13,8519.13
2572058,100053,1.0,1,-619.0,-626.0,9636.705,9636.705
1814975,100054,1.0,3,-756.0,-763.0,8589.6,8589.6
1560053,100049,1.0,8,-2185.0,-2191.0,4543.11,4543.11
1182112,100049,1.0,10,-116.0,-122.0,7801.155,7801.155
1430602,100011,1.0,4,-2387.0,-2386.0,14614.335,14614.335
1334240,100037,1.0,4,-1581.0,-1592.0,5305.995,5305.995
2794143,100011,1.0,19,-619.0,-621.0,31295.25,31295.25
1271192,100025,1.0,5,-1909.0,-1941.0,7159.545,7159.545
1223113,100046,1.0,4,-419.0,-419.0,28390.635,28390.635
2349489,100010,1.0,2,-1009.0,-1021.0,27463.41,27463.41
1060558,100048,0.0,27,-513.0,-525.0,7852.725,7852.725
1461368,100040,1.0,10,-737.0,-735.0,18984.24,13856.4
1212261,100053,1.0,7,-140.0,-144.0,10720.35,10720.35
2339761,100063,1.0,4,-633.0,-629.0,24650.1,24348.465
1251047,100016,1.0,12,-687.0,-697.0,14480.46,14476.5
1252218,100026,1.0,3,-1336.0,-1344.0,23608.485,23608.485
2088496,100044,1.0,13,-1969.0,-1970.0,22962.33,22962.33
2425354,100035,1.0,5,-1037.0,-1037.0,18201.645,18201.645
1223113,100046,1.0,13,-149.0,-151.0,28390.635,28390.635
1213820,100021,1.0,1,-230.0,-242.0,7424.865,7424.865
2243464,100050,1.0,12,-129.0,-135.0,6919.605,6919.605
1826250,100056,1.0,1,-2590.0,-2590.0,17504.055,17504.055
1187878,100034,1.0,1,-257.0,-276.0,21281.13,21281.13
1035321,100047,1.0,6,-2451.0,-2456.0,4586.895,4586.895
1557583,100043,0.0,29,-523.0,-533.0,17702.145,17100.0
2037234,100033,1.0,7,-638.0,-611.0,5542.92,5542.92
1366913,100048,1.0,2,-398.0,-419.0,46850.265,46850.265
2314167,100045,1.0,10,-1568.0,-1578.0,8334.405,8334.405
1461368,100040,1.0,11,-707.0,-711.0,18984.24,18984.24
1198431,100035,1.0,2,-1698.0,-1708.0,12001.86,12001.86
2396755,100003,1.0,12,-1980.0,-1985.0,6662.97,6662.97
2340827,100063,2.0,7,-1336.0,-1348.0,134721.675,134721.675
1709863,100036,1.0,12,-35.0,-39.0,6548.04,6548.04
1973524,100021,1.0,1,-2772.0,-2776.0,2709.45,2709.45
2794143,100011,1.0,21,-559.0,-560.0,31295.25,31295.25
2164190,100012,2.0,14,-412.0,-428.0,11057.535,11057.535
1845095,100052,1.0,1,-431.0,-434.0,4364.595,4364.595
2769249,100017,1.0,8,-2188.0,-2197.0,16967.295,16967.295
1514918,100049,1.0,9,-1210.0,-1203.0,5791.725,2625.525
2001242,100007,2.0,7,-654.0,-664.0,16509.6,16509.6
1944776,100054,1.0,11,-915.0,-916.0,6582.87,6582.87
1077565,100039,7.0,7,-485.0,-521.0,36035.19,36035.19
1232720,100049,1.0,6,-413.0,-414.0,6075.225,6075.225
1950847,100061,1.0,5,-1422.0,-1424.0,6006.285,6006.285
1461368,100040,1.0,5,-887.0,-917.0,18984.24,3299.04
1251047,100016,1.0,8,-807.0,-815.0,14480.46,14476.5
1060558,100048,0.0,35,-440.0,-440.0,1588.77,1588.77
1251047,100016,1.0,3,-957.0,-973.0,14480.46,14480.46
1496284,100039,1.0,1,-2367.0,-2375.0,4450.68,4450.68
1810518,100003,2.0,7,-536.0,-544.0,560835.36,560835.36
2305060,100041,1.0,6,-1327.0,-1493.0,7297.515,7297.515
1786922,100041,1.0,1,-2670.0,-2661.0,3268.485,3268.485
1940724,100007,1.0,10,-806.0,-806.0,22678.785,22678.785
2794143,100011,1.0,17,-679.0,-684.0,31295.25,31295.25
1189316,100025,1.0,17,-1189.0,-1188.0,23833.575,23833.575
1944776,100054,1.0,5,-1095.0,-1097.0,6582.87,6582.87
1636219,100056,1.0,5,-2672.0,-2662.0,13502.385,13263.885
1843384,100011,0.0,54,-706.0,-706.0,563.355,563.355
1810518,100003,1.0,5,-596.0,-600.0,98356.995,98356.995
1191663,100060,1.0,1,-436.0,-452.0,12177.0,12177.0
1874778,100056,1.0,6,-1986.0,-1990.0,21678.705,21678.705
2243464,100050,1.0,6,-309.0,-319.0,6919.605,6919.605
2134202,100055,1.0,3,-693.0,-704.0,11150.595,11150.595
1461079,100014,1.0,5,-693.0,-722.0,11567.475,530.1
2492683,100043,1.0,19,-649.0,-743.0,10363.275,10363.275
1131053,100023,1.0,7,-2213.0,-2239.0,8519.13,8519.13
2769249,100017,1.0,4,-2308.0,-2313.0,16967.295,16967.295
1366912,100048,1.0,9,-44.0,-47.0,57466.53,57466.53
1620327,100019,1.0,1,-894.0,-910.0,10518.615,10518.615
1209367,100049,0.0,1,-210.0,-210.0,4500.0,4500.0
2299329,100006,1.0,4,-455.0,-530.0,2482.92,2482.92
2636178,100003,1.0,5,-677.0,-690.0,64567.665,64567.665
1514918,100049,1.0,7,-1270.0,-1269.0,5791.725,5791.725
1366912,100048,1.0,4,-194.0,-200.0,57466.53,57466.53
2243829,100012,1.0,2,-1611.0,-1613.0,3012.075,3012.075
2794143,100011,1.0,10,-889.0,-889.0,31295.25,31295.25
2500673,100035,1.0,4,-657.0,-671.0,37279.665,37279.665
1940724,100007,1.0,2,-1046.0,-1046.0,22678.785,22678.785
1636219,100056,1.0,3,-2732.0,-2716.0,13502.385,13502.385
1168900,100051,1.0,17,-45.0,-46.0,6887.16,6887.16
2794143,100011,1.0,30,-289.0,-296.0,30897.585,30897.585
2480304,100012,3.0,5,-357.0,-399.0,5242.86,5242.86
2803221,100045,1.0,11,-1160.0,-1158.0,9011.61,7827.255
2164190,100012,3.0,23,-142.0,-151.0,21391.785,21391.785
1557583,100043,0.0,13,-766.0,-766.0,18361.17,18360.0
1557583,100043,0.0,24,-619.0,-619.0,2586.69,2586.69
1843384,100011,0.0,44,-1011.0,-1011.0,563.355,563.355
1562063,100017,1.0,3,-521.0,-537.0,11783.52,11783.52
1182112,100049,1.0,4,-296.0,-307.0,7801.155,7801.155
1944776,100054,1.0,8,-1005.0,-1003.0,6582.87,6578.46
1564014,100004,1.0,2,-754.0,-763.0,5357.25,5357.25
1251951,100018,1.0,5,-29.0,-40.0,4180.365,4180.365
1874778,100056,1.0,30,-1266.0,-1287.0,21678.705,21678.705
1548007,100061,1.0,2,-1161.0,-1172.0,26472.24,26472.24
1430602,100011,1.0,12,-2147.0,-2140.0,14588.55,5164.65
1636219,100056,1.0,2,-2762.0,-2765.0,13502.385,13502.385
2164190,100012,1.0,2,-772.0,-825.0,11188.035,11188.035
2037234,100033,1.0,8,-608.0,-589.0,5542.92,2167.38
1060558,100048,0.0,17,-666.0,-670.0,8930.205,8930.205
1112703,100009,1.0,6,-1381.0,-1384.0,9845.01,9845.01
1950847,100061,1.0,8,-1332.0,-1332.0,6006.285,6006.285
1907290,100008,1.0,2,-2269.0,-2274.0,12144.285,12144.285
1212261,100053,1.0,8,-110.0,-144.0,10720.35,10720.35
1907290,100008,1.0,3,-2239.0,-2241.0,12144.285,12144.285
1874778,100056,1.0,21,-1536.0,-1532.0,21678.705,21633.03
1514918,100049,1.0,8,-1240.0,-1239.0,5791.725,5791.725
2824473,100016,1.0,2,-1265.0,-1275.0,7124.04,7124.04
1461368,100040,1.0,9,-767.0,-764.0,18984.24,14222.16
1112703,100009,1.0,5,-1411.0,-1416.0,9845.01,9845.01
1528842,100061,3.0,7,-587.0,-596.0,34431.48,34431.48
1874778,100056,1.0,31,-1236.0,-1261.0,21678.705,21678.705
2704445,100018,2.0,3,-907.0,-909.0,4109.265,4109.265
1366912,100048,1.0,3,-224.0,-231.0,57466.53,57466.53
2572058,100053,1.0,4,-529.0,-532.0,9636.705,9636.705
2492683,100043,1.0,18,-679.0,-743.0,10363.275,10363.275
1950847,100061,1.0,11,-1242.0,-1235.0,6006.285,5859.135
2314167,100045,1.0,6,-1688.0,-1698.0,8334.405,8334.405
2340827,100063,1.0,6,-1366.0,-1368.0,12495.24,12495.24
1874778,100056,1.0,44,-846.0,-862.0,21678.705,21678.705
1137041,100044,1.0,3,-2510.0,-2523.0,12088.8,12088.8
1219930,100035,1.0,4,-1952.0,-1953.0,5413.365,5413.365
1194857,100061,1.0,13,-319.0,-323.0,44223.12,44223.12
2832301,100055,2.0,1,-322.0,-345.0,39848.4,39848.4
2088496,100044,1.0,22,-1699.0,-1729.0,22962.33,51.3
1692033,100007,1.0,7,-164.0,-166.0,16037.64,16037.64
2794143,100011,1.0,4,-1069.0,-1079.0,31295.25,31295.25
1168900,100051,1.0,16,-75.0,-77.0,6887.16,6887.16
1843384,100011,0.0,68,-280.0,-280.0,563.355,563.355
1692033,100007,1.0,6,-194.0,-198.0,16037.64,16037.64
1843384,100011,0.0,41,-1103.0,-1103.0,563.355,563.355
1461368,100040,1.0,17,-527.0,-532.0,18984.24,18984.24
1514468,100059,1.0,2,-1225.0,-1233.0,68565.375,68565.375
2492683,100043,1.0,15,-769.0,-800.0,10363.275,10363.275
2088496,100044,1.0,18,-1819.0,-1850.0,22962.33,10.62
1874778,100056,1.0,35,-1116.0,-1137.0,21678.705,21678.705
1189316,100025,1.0,2,-1639.0,-1645.0,23833.575,23833.575
1874778,100056,1.0,47,-756.0,-772.0,21678.705,21678.705
1620327,100019,1.0,4,-804.0,-870.0,10518.615,10518.615
2411919,100023,1.0,6,-1669.0,-1691.0,7992.0,7992.0
1514328,100032,1.0,2,-1436.0,-1479.0,7910.145,7910.145
1060558,100048,0.0,10,-791.0,-791.0,364.86,364.86
1029269,100039,1.0,5,-1646.0,-1687.0,5074.29,5074.29
2769249,100017,1.0,2,-2368.0,-2375.0,16967.295,16967.295
1027737,100015,1.0,10,-2090.0,-2108.0,7584.525,7584.525
1528842,100061,3.0,22,-137.0,-147.0,34431.48,34431.48
2314167,100045,1.0,14,-1448.0,-1453.0,8334.405,8334.405
1514918,100049,1.0,1,-1450.0,-1465.0,5791.725,5791.725
1131053,100023,1.0,6,-2243.0,-2267.0,8519.13,8519.13
1038818,100002,1.0,18,-55.0,-67.0,9251.775,9251.775
2227125,100009,1.0,1,-274.0,-285.0,8821.26,8821.26
1940724,100007,1.0,6,-926.0,-926.0,22678.785,22678.785
1060558,100048,0.0,53,-10.0,-10.0,2250.0,2250.0
1944776,100054,1.0,7,-1035.0,-1034.0,6582.87,6582.87
1223113,100046,1.0,16,-59.0,-60.0,28390.635,28390.635
1430602,100011,1.0,1,-2477.0,-2477.0,14614.335,14614.335
1060558,100048,0.0,19,-635.0,-636.0,8576.685,8576.685
2426800,100047,1.0,6,-1287.0,-1287.0,11117.7,11117.7
1845713,100040,2.0,6,-2780.0,-2780.0,17201.115,17201.115
1514328,100032,1.0,5,-1346.0,-1402.0,7910.145,7910.145
1413109,100009,1.0,2,-388.0,-394.0,8996.76,8996.76
1636219,100056,1.0,4,-2702.0,-2702.0,13502.385,13502.385
1251047,100016,1.0,13,-657.0,-667.0,14480.46,14476.5
1461368,100040,1.0,15,-587.0,-592.0,18984.24,18984.24
2243464,100050,1.0,10,-189.0,-198.0,6919.605,6919.605
2462742,100007,1.0,3,-1676.0,-1681.0,3601.53,3601.53
2218188,100008,1.0,2,-309.0,-330.0,17885.835,17885.835
2001242,100007,2.0,14,-444.0,-451.0,16509.6,16509.6
1239349,100025,1.0,1,-858.0,-857.0,39798.99,39798.99
1940724,100007,1.0,12,-746.0,-752.0,22485.69,22485.69
1692033,100007,1.0,5,-224.0,-226.0,16037.64,16037.64
1515914,100016,1.0,5,-2219.0,-2223.0,6042.915,6042.915
2340827,100063,1.0,4,-1426.0,-1427.0,12495.24,12495.24
1209367,100049,0.0,4,-154.0,-167.0,4771.26,4771.26
1319299,100022,1.0,5,-89.0,-114.0,6765.975,6765.975
1232720,100049,1.0,1,-563.0,-569.0,6103.305,6103.305
1060558,100048,0.0,15,-694.0,-699.0,6557.445,6557.445
1923010,100037,1.0,5,-2461.0,-2495.0,25595.82,25595.82
1137041,100044,1.0,16,-2120.0,-2158.0,12088.8,12088.8
1843384,100011,0.0,28,-1408.0,-1412.0,9000.0,9000.0
1636219,100056,1.0,9,-2552.0,-2552.0,13502.385,13502.385
2462742,100007,1.0,6,-1586.0,-1585.0,3601.53,3601.53
1636219,100056,1.0,10,-2522.0,-2522.0,13502.385,13502.385
1194857,100061,1.0,7,-499.0,-510.0,44223.12,44223.12
2001242,100007,1.0,2,-804.0,-806.0,16509.6,16509.6
2052027,100045,2.0,20,-417.0,-417.0,50444.73,50444.73
1461368,100040,1.0,12,-677.0,-681.0,18984.24,18984.24
2037234,100033,1.0,1,-818.0,-823.0,5542.92,5542.92
1251047,100016,1.0,14,-627.0,-634.0,14480.46,14476.5
1186888,100008,1.0,6,-2341.0,-2365.0,8003.475,8003.475
1209367,100049,0.0,3,-182.0,-182.0,46.485,46.485
2803221,100045,1.0,11,-1160.0,-1192.0,9011.61,1184.355
1514328,100032,1.0,4,-1376.0,-1433.0,7910.145,7910.145
1168900,100051,1.0,15,-105.0,-106.0,6887.16,6887.16
2314167,100045,1.0,8,-1628.0,-1646.0,8334.405,8334.405
1670175,100035,1.0,15,-977.0,-1000.0,22857.75,1394.37
2396755,100003,1.0,10,-2040.0,-2044.0,6737.31,6737.31
2492683,100043,1.0,23,-529.0,-653.0,10363.275,10363.275
1112703,100009,1.0,2,-1501.0,-1508.0,9845.01,9845.01
2052027,100045,2.0,2,-957.0,-961.0,50444.73,50444.73
1528842,100061,3.0,9,-527.0,-552.0,34431.48,34431.48
2636178,100003,1.0,1,-797.0,-806.0,64567.665,64567.665
2052027,100045,2.0,16,-537.0,-538.0,50444.73,50444.73
1514918,100049,1.0,5,-1330.0,-1330.0,5791.725,5791.725
1194857,100061,1.0,2,-649.0,-660.0,44223.12,44223.12
1284590,100063,2.0,4,-335.0,-363.0,107156.025,107156.025
1251047,100016,1.0,16,-567.0,-571.0,14480.46,14476.5
1461368,100040,1.0,19,-467.0,-469.0,18984.24,18984.24
1843384,100011,0.0,56,-645.0,-645.0,563.355,563.355
2572058,100053,1.0,2,-589.0,-592.0,9636.705,9636.705
1193310,100009,1.0,3,-1420.0,-1425.0,17341.605,17341.605
1874778,100056,1.0,25,-1416.0,-1441.0,21678.705,56.97
2794143,100011,1.0,8,-949.0,-952.0,31295.25,31295.25
1923010,100037,1.0,4,-2491.0,-2504.0,25595.82,25595.82
1187878,100034,1.0,3,-197.0,-248.0,21281.13,21281.13
1874778,100056,1.0,25,-1416.0,-1409.0,21678.705,21621.735
1814975,100054,1.0,5,-696.0,-702.0,8589.6,8589.6
2001242,100007,2.0,12,-504.0,-514.0,16509.6,16509.6
1973524,100021,1.0,2,-2742.0,-2776.0,2709.45,2709.45
1772508,100026,2.0,2,-408.0,-425.0,770004.315,770004.315
1182112,100049,1.0,11,-86.0,-94.0,7801.155,7801.155
1843384,100011,0.0,52,-767.0,-767.0,563.355,563.355
1194857,100061,1.0,19,-139.0,-147.0,44223.12,44223.12
2396755,100003,1.0,11,-2010.0,-2013.0,6737.31,6737.31
1026256,100054,1.0,5,-135.0,-142.0,10349.91,10349.91
1251047,100016,1.0,11,-717.0,-697.0,14480.46,3.96
2396755,100003,1.0,2,-2280.0,-2290.0,6737.31,6737.31
2613879,100008,1.0,6,-459.0,-463.0,25309.575,25309.575
1885254,100059,2.0,9,-56.0,-70.0,416819.61,416819.61
1189316,100025,1.0,18,-1159.0,-1152.0,23860.125,23857.2
2794143,100011,1.0,28,-349.0,-348.0,31295.25,30014.685
1077565,100039,7.0,5,-545.0,-550.0,36035.19,36035.19
1430602,100011,1.0,2,-2447.0,-2449.0,14614.335,14614.335
1366912,100048,1.0,7,-104.0,-108.0,57466.53,57466.53
1557583,100043,0.0,10,-834.0,-834.0,3132.135,3132.135
2411919,100023,1.0,11,-1519.0,-1543.0,7992.0,7992.0
1670175,100035,1.0,12,-1067.0,-1070.0,22857.75,22857.75
1843384,100011,0.0,29,-1377.0,-1379.0,9000.0,9000.0
1874778,100056,1.0,53,-576.0,-582.0,21678.705,21678.705
1874778,100056,1.0,9,-1896.0,-1927.0,21678.705,45.675
2305060,100041,1.0,7,-1297.0,-1493.0,7297.515,944.91
1413109,100009,1.0,1,-418.0,-424.0,8996.76,8996.76
2794143,100011,1.0,22,-529.0,-560.0,31295.25,4102.065
2006578,100014,1.0,1,-64.0,-77.0,14045.625,14045.625
1562063,100017,1.0,8,-371.0,-384.0,11783.52,11783.52
2769249,100017,1.0,1,-2398.0,-2422.0,16967.295,16967.295
1557583,100043,0.0,9,-827.0,-834.0,19367.865,19367.865
1528842,100061,3.0,5,-647.0,-660.0,34431.48,34431.48
2426800,100047,1.0,4,-1347.0,-1347.0,11117.7,11117.7
1461368,100040,1.0,13,-647.0,-681.0,18984.24,6225.12
1461368,100040,1.0,6,-857.0,-882.0,18984.24,3664.8
1284590,100063,1.0,3,-365.0,-381.0,12637.845,12637.845
1185699,100043,1.0,6,-2230.0,-2248.0,5287.815,5287.815
1885254,100059,1.0,5,-176.0,-197.0,16294.5,16294.5
2305060,100041,1.0,5,-1357.0,-1493.0,7297.515,7297.515
1516108,100044,1.0,5,-228.0,-247.0,8565.705,8565.705
1944776,100054,1.0,4,-1125.0,-1129.0,6582.87,6582.87
1193310,100009,1.0,1,-1480.0,-1486.0,17341.605,17341.605
2492683,100043,1.0,20,-619.0,-738.0,10363.275,10363.275
1284590,100063,1.0,1,-425.0,-434.0,12637.845,12637.845
1514328,100032,1.0,3,-1406.0,-1464.0,7910.145,7910.145
1905091,100035,2.0,3,-633.0,-651.0,238203.0,238203.0
2480304,100012,3.0,9,-237.0,-263.0,5242.86,5242.86
2384838,100037,1.0,8,-299.0,-319.0,17813.25,17813.25
1060558,100048,0.0,47,-106.0,-106.0,1458.27,1458.27
1194857,100061,1.0,21,-79.0,-75.0,44223.12,43444.08
2088496,100044,1.0,18,-1819.0,-1817.0,22962.33,22951.71
1907290,100008,1.0,6,-2149.0,-2151.0,12144.285,12144.285
1548007,100061,1.0,5,-1071.0,-1081.0,26472.24,26472.24
1176822,100018,1.0,6,-1463.0,-1468.0,48759.525,48759.525
1251047,100016,1.0,9,-777.0,-758.0,14480.46,3.96
1516108,100044,1.0,6,-198.0,-210.0,8565.525,8565.525
1528842,100061,3.0,17,-287.0,-290.0,34431.48,34431.48
2794143,100011,1.0,1,-1159.0,-1169.0,31295.25,31295.25
1485871,100021,1.0,1,-565.0,-577.0,4992.03,4992.03
2426800,100047,1.0,7,-1257.0,-1257.0,11117.7,11117.7
1074770,100020,1.0,2,-181.0,-198.0,5729.265,5729.265
1670175,100035,1.0,2,-1367.0,-1369.0,22857.75,22857.75
1026256,100054,1.0,2,-225.0,-236.0,10349.91,10349.91
1885254,100059,1.0,1,-296.0,-309.0,16294.5,16294.5
2794143,100011,1.0,24,-469.0,-498.0,31295.25,461.565
2339761,100063,1.0,19,-183.0,-183.0,24650.1,24650.1
2613879,100008,1.0,4,-519.0,-531.0,25309.575,25309.575
2803221,100045,1.0,12,-1130.0,-1127.0,9011.61,7613.865
2421381,100009,1.0,1,-795.0,-804.0,7435.845,7435.845
2299459,100059,1.0,1,-2777.0,-2777.0,9917.01,9917.01
1548007,100061,1.0,9,-951.0,-962.0,26472.24,26472.24
2243829,100012,1.0,8,-1431.0,-1448.0,3012.075,3012.075
2803221,100045,1.0,3,-1400.0,-1400.0,9011.61,9011.61
2052027,100045,2.0,14,-597.0,-597.0,50444.73,50444.73
1814975,100054,1.0,9,-576.0,-579.0,8589.6,8589.6
1845713,100040,1.0,3,-2870.0,-2888.0,5839.695,5839.695
1060558,100048,0.0,49,-47.0,-47.0,14400.0,14400.0
1223113,100046,1.0,10,-239.0,-239.0,28390.635,28390.635
1198431,100035,1.0,11,-1428.0,-1428.0,12001.86,12001.86
2037234,100033,7.0,106,-617.0,-553.0,281.205,281.205
1191663,100060,5.0,5,-316.0,-333.0,102732.75,102732.75
1038818,100002,1.0,3,-505.0,-529.0,9251.775,9251.775
1811514,100027,1.0,8,-231.0,-252.0,21569.22,21569.22
2824473,100016,1.0,3,-1235.0,-1246.0,7124.04,7124.04
2824473,100016,1.0,14,-905.0,-910.0,7124.04,7124.04
1413109,100009,1.0,11,-118.0,-121.0,8996.76,8996.76
1810518,100003,1.0,4,-626.0,-629.0,98356.995,98356.995
2052027,100045,2.0,8,-777.0,-780.0,50444.73,50444.73
1319299,100022,1.0,3,-149.0,-176.0,6765.975,6765.975
1560053,100049,1.0,11,-2095.0,-2096.0,4543.11,4543.11
2339761,100063,1.0,7,-543.0,-542.0,24650.1,24650.1
2339761,100063,1.0,8,-513.0,-513.0,24650.1,24650.1
1060558,100048,0.0,43,-228.0,-228.0,1458.27,1458.27
1038818,100002,1.0,15,-145.0,-160.0,9251.775,9251.775
2001242,100007,1.0,6,-684.0,-692.0,16509.6,16509.6
1814975,100054,1.0,6,-666.0,-670.0,8589.6,8589.6
1515914,100016,1.0,11,-2039.0,-2046.0,6042.915,6042.915
2305060,100041,1.0,4,-1387.0,-1493.0,7297.515,7297.515
2349489,100010,1.0,9,-799.0,-805.0,27463.41,27463.41
2063227,100044,1.0,14,-1102.0,-1103.0,29545.2,29545.2
2462742,100007,1.0,10,-1466.0,-1459.0,3601.53,3598.29
1709863,100036,1.0,5,-245.0,-257.0,6551.415,6551.415
1944776,100054,1.0,9,-975.0,-1003.0,6582.87,5.04
1112703,100009,1.0,9,-1291.0,-1308.0,9845.01,9845.01
1874778,100056,1.0,11,-1836.0,-1834.0,21678.705,21633.03
2425547,100021,1.0,2,-789.0,-795.0,10248.615,10248.615
1137041,100044,1.0,15,-2150.0,-2220.0,12088.8,12088.8
2256622,100054,1.0,12,-115.0,-128.0,8894.385,8894.385
1528842,100061,3.0,6,-617.0,-632.0,34431.48,34431.48
1060558,100048,0.0,42,-259.0,-259.0,1458.27,1458.27
1560053,100049,1.0,5,-2275.0,-2283.0,4543.11,4543.11
1973524,100021,1.0,3,-2712.0,-2698.0,2709.45,2709.45
1874778,100056,1.0,34,-1146.0,-1196.0,21678.705,21678.705
2164190,100012,2.0,22,-172.0,-167.0,11057.535,883.485
2119973,100007,1.0,2,-2296.0,-2289.0,1834.29,1834.29
2462742,100007,1.0,12,-1406.0,-1436.0,3577.05,0.18
2190416,100006,1.0,4,-191.0,-196.0,29027.52,29027.52
1209367,100049,0.0,9,-107.0,-107.0,193.275,193.275
1461368,100040,1.0,10,-737.0,-764.0,18984.24,5127.84
2218188,100008,1.0,4,-249.0,-262.0,17885.835,17885.835
2425354,100035,1.0,12,-827.0,-856.0,18125.235,273.735
2134202,100055,1.0,6,-603.0,-613.0,11150.595,11150.595
1670175,100035,1.0,16,-947.0,-943.0,22857.75,22855.275
1874778,100056,1.0,27,-1356.0,-1386.0,21678.705,66.06
2164190,100012,2.0,20,-232.0,-263.0,11057.535,11057.535
2462742,100007,1.0,9,-1496.0,-1497.0,3601.53,3601.53
2340827,100063,1.0,2,-1486.0,-1491.0,12495.24,12495.24
1557583,100043,0.0,39,-370.0,-380.0,281.16,281.16
1874778,100056,1.0,29,-1296.0,-1317.0,21678.705,21678.705
1461079,100014,1.0,7,-633.0,-661.0,11567.475,1245.15
2462742,100007,1.0,12,-1406.0,-1403.0,3577.05,3576.87
1060558,100048,0.0,13,-725.0,-728.0,5772.555,5772.555
2164190,100012,2.0,12,-472.0,-467.0,11057.535,11057.535
1038818,100002,1.0,6,-415.0,-446.0,9251.775,9251.775
1026256,100054,1.0,3,-195.0,-204.0,10349.91,10349.91
1060558,100048,0.0,36,-391.0,-410.0,130.5,130.5
1035321,100047,1.0,9,-2361.0,-2366.0,4586.895,4586.895
2384838,100037,1.0,1,-509.0,-521.0,17813.25,17813.25
1430602,100011,1.0,11,-2177.0,-2172.0,14614.335,5614.335
1185699,100043,1.0,5,-2260.0,-2277.0,5287.815,5287.815
1232720,100049,1.0,4,-473.0,-475.0,6103.305,6103.305
1874778,100056,1.0,36,-1086.0,-1102.0,21678.705,21678.705
1874778,100056,1.0,54,-546.0,-559.0,18710.82,18710.82
1176822,100018,1.0,10,-1343.0,-1346.0,48759.525,48759.525
2572058,100053,1.0,9,-379.0,-381.0,9636.705,9636.705
1786922,100041,1.0,6,-2520.0,-2512.0,3264.075,3264.075
2339761,100063,1.0,9,-483.0,-481.0,24650.1,23848.965
2037234,100033,1.0,11,-518.0,-553.0,5542.92,389.925
2411919,100023,1.0,2,-1789.0,-1792.0,7992.0,7992.0
1461079,100014,1.0,11,-513.0,-513.0,11567.475,11567.475
1874778,100056,1.0,17,-1656.0,-1652.0,21678.705,21633.03
1239349,100025,1.0,5,-738.0,-767.0,39798.99,16379.1
2227125,100009,1.0,4,-184.0,-194.0,8821.26,8821.26
1251047,100016,1.0,9,-777.0,-784.0,14480.46,14476.5
2500673,100035,2.0,5,-627.0,-651.0,536809.95,536809.95
2480304,100012,3.0,6,-327.0,-367.0,5242.86,5242.86
1112703,100009,1.0,10,-1261.0,-1264.0,9827.775,9827.775
2636178,100003,1.0,4,-707.0,-719.0,64567.665,64567.665
2636178,100003,1.0,3,-737.0,-746.0,64567.665,64567.665
1193310,100009,1.0,6,-1330.0,-1336.0,17323.2,17323.2
1198431,100035,1.0,7,-1548.0,-1553.0,12001.86,12001.86
1514328,100032,1.0,1,-1466.0,-1496.0,7910.145,7910.145
1198431,100035,1.0,12,-1398.0,-1427.0,12017.7,12017.7
1874778,100056,1.0,32,-1206.0,-1225.0,21678.705,21678.705
1027737,100015,1.0,4,-2270.0,-2299.0,7666.92,7666.92
1811514,100027,1.0,4,-351.0,-357.0,21569.22,21569.22
2037234,100033,1.0,11,-518.0,-495.0,5542.92,5152.995
1137041,100044,1.0,1,-2570.0,-2580.0,12088.8,12088.8
2794143,100011,1.0,18,-649.0,-650.0,31295.25,31295.25
2454202,100023,1.0,2,-202.0,-210.0,16822.44,16822.44
1209367,100049,0.0,12,-62.0,-62.0,199.755,199.755
1496284,100039,1.0,3,-2307.0,-2346.0,4450.68,4450.68
1137041,100044,1.0,2,-2540.0,-2552.0,12088.8,12088.8
2088496,100044,1.0,1,-2329.0,-2329.0,22962.33,22962.33
1219930,100035,1.0,1,-2042.0,-2048.0,5413.365,5413.365
2824473,100016,1.0,1,-1295.0,-1302.0,7124.04,7124.04
2613879,100008,1.0,1,-609.0,-618.0,25309.575,25309.575
1874778,100056,1.0,45,-816.0,-834.0,21678.705,21678.705
1907290,100008,1.0,7,-2119.0,-2123.0,12144.285,12144.285
2824473,100016,1.0,5,-1175.0,-1184.0,7124.04,7124.04
1223113,100046,1.0,8,-299.0,-302.0,28390.635,28390.635
2037234,100033,1.0,9,-578.0,-589.0,5542.92,2332.62
2613879,100008,1.0,7,-429.0,-440.0,25309.575,25309.575
2636178,100003,1.0,2,-767.0,-777.0,64567.665,64567.665
1176822,100018,1.0,12,-1283.0,-1283.0,48161.025,48161.025
1334240,100037,1.0,3,-1611.0,-1621.0,5305.995,5305.995
1334240,100037,1.0,1,-1671.0,-1678.0,5305.995,5305.995
1209367,100049,0.0,15,-29.0,-29.0,106.83,106.83
1874778,100056,1.0,42,-906.0,-920.0,21678.705,21678.705
1413109,100009,1.0,10,-148.0,-157.0,8996.76,8996.76
2835799,100025,1.0,3,-971.0,-980.0,23833.575,23833.575
1845713,100040,1.0,2,-2900.0,-2900.0,5839.695,5839.695
2243829,100012,1.0,4,-1551.0,-1550.0,3012.075,3012.075
1786922,100041,1.0,5,-2550.0,-2543.0,3268.485,3268.485
1528842,100061,3.0,11,-467.0,-471.0,34431.48,34431.48
1186888,100008,1.0,2,-2461.0,-2486.0,8019.09,8019.09
2037234,100033,1.0,6,-668.0,-681.0,5542.92,5461.38
1670175,100035,1.0,4,-1307.0,-1307.0,22857.75,22857.75
1670175,100035,1.0,14,-1007.0,-1037.0,22857.75,1278.765
1845713,100040,1.0,5,-2810.0,-2810.0,5839.695,5839.695
2179840,100030,1.0,2,-317.0,-352.0,9035.685,9035.685
1843384,100011,0.0,74,-99.0,-99.0,563.355,563.355
1060558,100048,0.0,4,-878.0,-878.0,128250.0,128250.0
1557583,100043,0.0,12,-798.0,-798.0,128.34,128.34
2218188,100008,1.0,10,-69.0,-82.0,17876.115,17876.115
1060558,100048,0.0,16,-699.0,-699.0,11442.555,11442.555
2449573,100035,1.0,4,-1508.0,-1509.0,6236.82,6236.82
2480304,100012,3.0,3,-417.0,-455.0,5242.86,5242.86
1219930,100035,1.0,3,-1982.0,-1988.0,5413.365,5413.365
1027737,100015,1.0,7,-2180.0,-2193.0,7666.92,7666.92
1461368,100040,1.0,8,-797.0,-795.0,18984.24,14587.92
2426800,100047,1.0,2,-1407.0,-1408.0,11117.7,11117.7
1168900,100051,1.0,11,-225.0,-225.0,6887.16,6887.16
1950847,100061,1.0,2,-1512.0,-1531.0,6006.285,6006.285
2164190,100012,2.0,5,-682.0,-745.0,11057.535,11057.535
1811514,100027,1.0,12,-111.0,-116.0,21553.74,21553.74
2396755,100003,1.0,8,-2100.0,-2105.0,6737.31,6737.31
2492683,100043,1.0,12,-859.0,-897.0,10363.275,10363.275
2190416,100006,1.0,2,-251.0,-256.0,29027.52,29027.52
1185699,100043,1.0,1,-2380.0,-2389.0,5287.815,5287.815
2349489,100010,1.0,1,-1039.0,-1069.0,27463.41,27463.41
2447872,100027,1.0,4,-674.0,-682.0,28077.57,28077.57
1843384,100011,0.0,32,-1287.0,-1290.0,9000.0,9000.0
2794143,100011,1.0,2,-1129.0,-1136.0,31295.25,31295.25
1843384,100011,0.0,47,-920.0,-920.0,563.355,563.355
2243829,100012,1.0,6,-1491.0,-1477.0,3012.075,981.225
1198431,100035,1.0,8,-1518.0,-1523.0,12001.86,12001.86
2492683,100043,1.0,8,-979.0,-996.0,10363.275,10363.275
2088496,100044,1.0,7,-2149.0,-2190.0,22962.33,22962.33
2227125,100009,1.0,6,-124.0,-134.0,8819.955,8819.955
1826250,100056,2.0,5,-2470.0,-2470.0,100985.535,100985.535
1874778,100056,1.0,48,-726.0,-738.0,21678.705,21678.705
1560053,100049,1.0,10,-2125.0,-2128.0,4543.11,4543.11
2063227,100044,1.0,7,-1312.0,-1319.0,29545.2,29545.2
1940724,100007,1.0,11,-776.0,-777.0,22678.785,22678.785
1168900,100051,1.0,4,-435.0,-450.0,6887.16,6887.16
1137041,100044,1.0,18,-2060.0,-2039.0,11882.97,6014.07
1845713,100040,1.0,4,-2840.0,-2840.0,5839.695,5839.695
2454202,100023,1.0,1,-232.0,-249.0,16822.44,16822.44
2088496,100044,1.0,17,-1849.0,-1850.0,22962.33,22962.33
2037234,100033,1.0,5,-698.0,-742.0,5542.92,114.3
1112703,100009,1.0,7,-1351.0,-1354.0,9845.01,9845.01
2421381,100009,1.0,5,-675.0,-684.0,7435.845,7435.845
1461079,100014,1.0,3,-753.0,-760.0,11567.475,11567.475
1843384,100011,0.0,57,-614.0,-614.0,563.355,563.355
1709863,100036,1.0,2,-335.0,-372.0,6551.415,6551.415
1670175,100035,1.0,18,-887.0,-886.0,22821.66,22821.66
1516108,100044,1.0,3,-288.0,-297.0,8565.705,8565.705
2425354,100035,1.0,12,-827.0,-825.0,18125.235,17851.5
2037234,100033,5.0,104,-626.0,-553.0,281.205,281.205
1294812,100020,1.0,1,-441.0,-448.0,8779.77,8779.77
2462742,100007,1.0,2,-1706.0,-1709.0,3601.53,3601.53
2349489,100010,1.0,10,-769.0,-774.0,27321.39,27321.39
1874778,100056,1.0,20,-1566.0,-1591.0,21678.705,45.675
1597345,100016,1.0,4,-2842.0,-2849.0,4886.505,4886.505
2007057,100009,1.0,4,-187.0,-194.0,7500.735,7500.735
2704445,100018,1.0,2,-925.0,-930.0,94906.035,94906.035
1251951,100018,1.0,1,-149.0,-170.0,4180.365,4180.365
2256622,100054,1.0,11,-145.0,-153.0,8896.23,8896.23
2572058,100053,2.0,10,-349.0,-350.0,99488.34,99488.34
2037234,100033,4.0,103,-632.0,-553.0,281.205,281.205
1294812,100020,1.0,4,-351.0,-351.0,8779.77,8779.77
1528842,100061,3.0,12,-437.0,-436.0,34431.48,34431.48
1461079,100014,1.0,6,-663.0,-661.0,11567.475,10454.85
1137041,100044,1.0,4,-2480.0,-2494.0,12088.8,12088.8
1251047,100016,1.0,13,-657.0,-634.0,14480.46,3.96
2088496,100044,1.0,2,-2299.0,-2341.0,22962.33,22962.33
2613879,100008,1.0,5,-489.0,-499.0,25309.575,25309.575
1843384,100011,0.0,64,-402.0,-402.0,563.355,563.355
1189316,100025,1.0,15,-1249.0,-1242.0,23833.575,23830.65
1528842,100061,2.0,1,-767.0,-773.0,225063.81,274283.55
1528842,100061,1.0,1,-767.0,-773.0,49219.74,274283.55
1239349,100025,1.0,2,-828.0,-828.0,39798.99,39798.99
2604720,100035,1.0,1,-788.0,-784.0,15499.125,15125.625
1194857,100061,1.0,12,-349.0,-357.0,44223.12,44223.12
2662898,100029,1.0,1,-293.0,-313.0,22891.68,22891.68
1060558,100048,0.0,48,-75.0,-75.0,1458.27,1458.27
1209367,100049,0.0,7,-134.0,-134.0,164.34,164.34
1060558,100048,0.0,45,-167.0,-167.0,1458.27,1458.27
1038818,100002,1.0,1,-565.0,-587.0,9251.775,9251.775
1950847,100061,1.0,10,-1272.0,-1312.0,6006.285,145.935
1461368,100040,1.0,20,-437.0,-443.0,18984.24,18984.24
1973524,100021,1.0,6,-2622.0,-2609.0,2705.76,2705.76
2088496,100044,1.0,15,-1909.0,-1910.0,22962.33,22962.33
1168900,100051,1.0,13,-165.0,-168.0,6887.16,6887.16
1514918,100049,1.0,6,-1300.0,-1298.0,5791.725,2800.35
1038818,100002,1.0,2,-535.0,-562.0,9251.775,9251.775
1223113,100046,1.0,3,-449.0,-449.0,28390.635,28390.635
1194857,100061,1.0,6,-529.0,-552.0,44223.12,44223.12
1168900,100051,1.0,5,-405.0,-422.0,6887.16,6887.16
1548007,100061,1.0,4,-1101.0,-1108.0,26472.24,26472.24
1843384,100011,0.0,2,-2199.0,-2211.0,9000.0,9000.0
1189316,100025,1.0,5,-1549.0,-1550.0,23833.575,23833.575
1334240,100037,2.0,5,-1551.0,-1580.0,35172.135,35172.135
2572058,100053,1.0,7,-439.0,-441.0,9636.705,9636.705
2094741,100059,2.0,2,-431.0,-453.0,233238.06,233238.06
1042128,100040,1.0,4,-2898.0,-2888.0,4831.92,4781.835
1597345,100016,1.0,3,-2872.0,-2881.0,4886.505,4886.505
1461079,100014,1.0,12,-483.0,-480.0,11547.27,8514.495
2613879,100008,2.0,8,-399.0,-410.0,432218.295,432218.295
2037234,100033,1.0,8,-608.0,-611.0,5542.92,3375.54
1670175,100035,1.0,6,-1247.0,-1250.0,22857.75,22857.75
2088496,100044,1.0,16,-1879.0,-1884.0,22962.33,22962.33
1940724,100007,1.0,4,-986.0,-987.0,22678.785,22678.785
1060558,100048,0.0,18,-670.0,-670.0,4569.795,4569.795
2052027,100045,2.0,21,-387.0,-387.0,50444.73,50444.73
1709863,100036,1.0,11,-65.0,-76.0,6551.415,6551.415
2824473,100016,1.0,6,-1145.0,-1155.0,7124.04,7124.04
2636178,100003,1.0,6,-647.0,-661.0,64275.615,64275.615
1560053,100049,1.0,9,-2155.0,-2158.0,4543.11,4543.11
1251951,100018,1.0,4,-59.0,-67.0,4180.365,4180.365
2314167,100045,1.0,1,-1838.0,-1849.0,8334.405,8334.405
1548007,100061,1.0,8,-981.0,-995.0,26472.24,26472.24
1636219,100056,3.0,12,-2462.0,-2462.0,168149.79,168149.79
1176822,100018,1.0,4,-1523.0,-1525.0,48759.525,48759.525
2447872,100027,1.0,5,-644.0,-652.0,28077.57,28077.57
1748547,100062,1.0,7,-85.0,-90.0,29745.0,29745.0
1194857,100061,1.0,11,-379.0,-422.0,44223.12,44223.12
2164190,100012,2.0,9,-562.0,-601.0,11057.535,11057.535
2063227,100044,1.0,8,-1282.0,-1290.0,29545.2,29545.2
1060558,100048,0.0,41,-289.0,-289.0,1458.27,1458.27
1209367,100049,0.0,5,-167.0,-167.0,178.74,178.74
1843384,100011,0.0,12,-1895.0,-1905.0,9000.0,9000.0
1168900,100051,1.0,18,-15.0,-15.0,6887.16,6887.16
2349489,100010,1.0,8,-829.0,-840.0,27463.41,27463.41
1874778,100056,1.0,11,-1836.0,-1864.0,21678.705,45.675
1843384,100011,0.0,13,-1864.0,-1875.0,9000.0,9000.0
2164190,100012,2.0,7,-622.0,-712.0,11057.535,11057.535
1940724,100007,1.0,1,-1076.0,-1074.0,22678.785,22655.655
1950847,100061,1.0,7,-1362.0,-1364.0,6006.285,6006.285
2305060,100041,1.0,12,-1147.0,-1163.0,7306.65,7176.285
1843384,100011,0.0,25,-1499.0,-1503.0,9000.0,9000.0
1284590,100063,1.0,2,-395.0,-400.0,12637.845,12637.845
2824473,100016,1.0,16,-845.0,-844.0,7124.04,7124.04
2299329,100006,1.0,1,-545.0,-575.0,2482.92,2482.92
1843384,100011,0.0,43,-1042.0,-1042.0,563.355,563.355
2824473,100016,1.0,22,-665.0,-667.0,7124.04,7124.04
2164190,100012,1.0,1,-802.0,-832.0,11188.035,11188.035
1413109,100009,1.0,7,-238.0,-254.0,8996.76,8996.76
1496284,100039,1.0,2,-2337.0,-2337.0,4450.68,4450.68
1485871,100021,1.0,2,-535.0,-549.0,4992.03,4992.03
1907290,100008,1.0,4,-2209.0,-2218.0,12144.285,12144.285
2339761,100063,1.0,17,-243.0,-242.0,24650.1,2551.275
1885254,100059,1.0,4,-206.0,-224.0,16294.5,16294.5
1251047,100016,1.0,6,-867.0,-879.0,14480.46,14476.5
2339761,100063,1.0,3,-663.0,-662.0,24650.1,2451.735
1560053,100049,1.0,7,-2215.0,-2221.0,4543.11,4543.11
2662898,100029,1.0,3,-233.0,-256.0,22891.68,22891.68
1874778,100056,1.0,13,-1776.0,-1800.0,21678.705,45.675
2824473,100016,1.0,19,-755.0,-758.0,7124.04,7124.04
1940724,100007,1.0,1,-1076.0,-1106.0,22678.785,23.13
1843384,100011,0.0,20,-1652.0,-1661.0,9000.0,9000.0
1461368,100040,1.0,3,-947.0,-941.0,18984.24,18981.72
2803221,100045,1.0,5,-1340.0,-1338.0,9011.61,8207.595
2164190,100012,2.0,17,-322.0,-327.0,11057.535,11057.535
1748547,100062,1.0,9,-25.0,-44.0,29745.0,29745.0
2007057,100009,1.0,1,-277.0,-285.0,7500.735,7500.735
1843384,100011,0.0,73,-129.0,-129.0,563.355,563.355
2052027,100045,2.0,7,-807.0,-809.0,50444.73,50444.73
1907290,100008,1.0,9,-2059.0,-2064.0,12144.285,12144.285
1271192,100025,1.0,6,-1879.0,-1909.0,7123.185,7123.185
1597345,100016,1.0,9,-2692.0,-2692.0,4886.505,4886.505
1514918,100049,1.0,2,-1420.0,-1430.0,5791.725,5791.725
1874778,100056,1.0,50,-666.0,-674.0,21678.705,21678.705
1907290,100008,1.0,10,-2029.0,-712.0,11986.155,227.16
2824473,100016,1.0,15,-875.0,-879.0,7124.04,7124.04
1845095,100052,1.0,3,-371.0,-378.0,4364.595,4364.595
2340827,100063,1.0,5,-1396.0,-1395.0,12495.24,12495.24
1843384,100011,0.0,40,-1133.0,-1133.0,563.355,563.355
1461368,100040,1.0,9,-767.0,-795.0,18984.24,4762.08
2339761,100063,1.0,3,-663.0,-658.0,24650.1,22198.365
2824473,100016,1.0,20,-725.0,-725.0,7124.04,7124.04
2339761,100063,1.0,18,-213.0,-209.0,24650.1,21800.925
2662898,100029,1.0,2,-263.0,-278.0,22891.68,22891.68
1176822,100018,1.0,2,-1583.0,-1587.0,48759.525,48759.525
2001242,100007,2.0,13,-474.0,-483.0,16509.6,16509.6
1515914,100016,1.0,12,-2009.0,-2009.0,5955.885,5955.885
1390369,100034,2.0,1,-569.0,-584.0,36069.57,58500.0
1390369,100034,1.0,1,-569.0,-584.0,22430.43,58500.0
1528842,100061,3.0,8,-557.0,-570.0,34431.48,34431.48
1811514,100027,1.0,7,-261.0,-284.0,21569.22,21569.22
2190416,100006,1.0,8,-71.0,-72.0,29027.52,29027.52
2314167,100045,1.0,16,-1388.0,-1400.0,8361.225,8361.225
2305060,100041,1.0,8,-1267.0,-1267.0,7297.515,7297.515
2063227,100044,1.0,1,-1492.0,-1505.0,29545.2,29545.2
1213820,100021,1.0,4,-140.0,-154.0,7424.865,7424.865
1811514,100027,1.0,11,-141.0,-149.0,21569.22,21569.22
1811514,100027,1.0,2,-411.0,-421.0,21569.22,21569.22
1515914,100016,1.0,9,-2099.0,-2101.0,6042.915,6042.915
1843384,100011,0.0,51,-798.0,-798.0,563.355,563.355
2037234,100033,6.0,105,-622.0,-553.0,281.205,281.205
1843384,100011,0.0,5,-2107.0,-2120.0,9000.0,9000.0
1528842,100061,3.0,20,-197.0,-199.0,34431.48,34431.48
2492683,100043,1.0,11,-889.0,-920.0,10363.275,10363.275
1035321,100047,1.0,4,-2511.0,-2518.0,4586.895,4586.895
2411919,100023,1.0,8,-1609.0,-1635.0,7992.0,7992.0
1026256,100054,1.0,4,-165.0,-173.0,10349.91,10349.91
1874778,100056,1.0,2,-2106.0,-2103.0,21678.705,21633.03
1843384,100011,0.0,1,-2229.0,-2234.0,9000.0,9000.0
2088496,100044,1.0,3,-2269.0,-2341.0,22962.33,22962.33
2425354,100035,1.0,2,-1127.0,-1127.0,18201.645,18201.645
2480304,100012,3.0,10,-207.0,-247.0,5242.86,5242.86
2447872,100027,1.0,7,-584.0,-591.0,28077.57,28077.57
1557583,100043,0.0,21,-644.0,-653.0,19967.4,19967.4
1748547,100062,1.0,3,-205.0,-209.0,29745.0,29745.0
1168900,100051,1.0,1,-525.0,-537.0,6887.16,6887.16
1843384,100011,0.0,75,-68.0,-68.0,563.355,563.355
1461368,100040,1.0,18,-497.0,-499.0,18984.24,18984.24
1557583,100043,0.0,28,-563.0,-563.0,3761.325,3761.325
2704445,100018,2.0,4,-877.0,-885.0,94906.035,94906.035
1182112,100049,1.0,8,-176.0,-184.0,7801.155,7801.155
1560053,100049,1.0,2,-2365.0,-2373.0,4543.11,4543.11
2339761,100063,1.0,11,-423.0,-423.0,24650.1,24650.1
1189316,100025,1.0,3,-1609.0,-1616.0,23833.575,23833.575
1528842,100061,3.0,2,-737.0,-745.0,34431.48,34431.48
2063227,100044,1.0,9,-1252.0,-1274.0,29545.2,29545.2
1060558,100048,0.0,14,-728.0,-728.0,77.445,77.445
1557583,100043,0.0,1,-948.0,-961.0,21218.22,21218.22
1562063,100017,1.0,7,-401.0,-416.0,11783.52,11783.52
2384838,100037,1.0,3,-449.0,-471.0,17813.25,17813.25
2794143,100011,1.0,27,-379.0,-408.0,31295.25,1075.815
1271192,100025,1.0,4,-1939.0,-1970.0,7159.545,7159.545
1029269,100039,1.0,4,-1676.0,-1712.0,5074.29,5074.29
1562063,100017,1.0,19,-41.0,-52.0,11783.52,11783.52
1288446,100045,1.0,4,-2658.0,-2658.0,6319.35,6319.35
1027737,100015,1.0,3,-2300.0,-2320.0,7666.92,7666.92
1907290,100008,1.0,1,-2299.0,-2309.0,12144.285,12144.285
1514918,100049,1.0,4,-1360.0,-1360.0,5791.725,5791.725
2119973,100007,1.0,9,-2086.0,-2080.0,1834.29,1834.29
2063227,100044,1.0,11,-1192.0,-1194.0,29545.2,29545.2
1239349,100025,1.0,5,-738.0,-735.0,39798.99,23419.89
1176822,100018,1.0,1,-1613.0,-1628.0,48759.525,48759.525
1252218,100026,1.0,6,-1246.0,-1255.0,23531.175,23531.175
1322806,100062,1.0,1,-426.0,-444.0,66663.9,66663.9
1413109,100009,1.0,4,-328.0,-337.0,8996.76,8996.76
1636219,100056,1.0,7,-2612.0,-2612.0,13502.385,13502.385
1515914,100016,1.0,1,-2339.0,-2339.0,6042.915,6042.915
1319299,100022,1.0,2,-179.0,-201.0,6765.975,6765.975
2449573,100035,1.0,3,-1538.0,-1538.0,6236.82,6236.82
1843384,100011,0.0,42,-1072.0,-1072.0,563.355,563.355
1670175,100035,1.0,9,-1157.0,-1157.0,22857.75,22857.75
2256622,100054,1.0,5,-325.0,-337.0,8896.23,8896.23
1198431,100035,1.0,3,-1668.0,-1673.0,12001.86,12001.86
2426800,100047,2.0,10,-1167.0,-1172.0,122628.285,122628.285
1562063,100017,1.0,12,-251.0,-266.0,11783.52,11783.52
1334240,100037,1.0,2,-1641.0,-1656.0,5305.995,5305.995
1874778,100056,1.0,10,-1866.0,-1864.0,21678.705,21633.03
1176822,100018,1.0,5,-1493.0,-1495.0,48759.525,48759.525
2227125,100009,1.0,5,-154.0,-164.0,8821.26,8821.26
2164190,100012,2.0,15,-382.0,-399.0,11057.535,11057.535
1874778,100056,1.0,46,-786.0,-801.0,21678.705,21678.705
1288446,100045,1.0,3,-2688.0,-2688.0,6319.35,6319.35
1874778,100056,1.0,7,-1956.0,-1956.0,21678.705,21678.705
1874778,100056,1.0,41,-936.0,-952.0,21678.705,21678.705
1843384,100011,0.0,22,-1591.0,-1597.0,9000.0,9000.0
1194857,100061,1.0,3,-619.0,-632.0,44223.12,44223.12
1359598,100009,1.0,2,-2908.0,-2914.0,6155.28,6155.28
2164190,100012,2.0,4,-712.0,-773.0,11057.535,11057.535
2256622,100054,1.0,3,-385.0,-398.0,8896.23,8896.23
2794143,100011,1.0,3,-1099.0,-1107.0,31295.25,31295.25
1194857,100061,1.0,5,-559.0,-570.0,44223.12,44223.12
2243464,100050,1.0,4,-369.0,-386.0,6919.605,6919.605
1557583,100043,0.0,33,-462.0,-463.0,16876.125,1.125
2243464,100050,1.0,1,-459.0,-471.0,6919.605,6919.605
2803221,100045,1.0,14,-1070.0,-1079.0,9080.82,9080.82
1772508,100026,1.0,1,-438.0,-440.0,42778.845,42778.845
2190416,100006,1.0,10,-11.0,-12.0,29027.52,29027.52
2794143,100011,1.0,13,-799.0,-803.0,31295.25,31295.25
1213820,100021,1.0,3,-170.0,-185.0,7424.865,7424.865
2052027,100045,2.0,11,-687.0,-689.0,50444.73,50444.73
2179840,100030,1.0,3,-287.0,-318.0,9035.685,9035.685
2088496,100044,1.0,22,-1699.0,-1696.0,22962.33,22911.03
1874778,100056,1.0,49,-696.0,-708.0,21678.705,21678.705
2411919,100023,1.0,13,-1459.0,-1484.0,7992.0,7992.0
1187878,100034,1.0,2,-227.0,-276.0,21281.13,21281.13
1189316,100025,1.0,15,-1249.0,-1281.0,23833.575,2.925
1137041,100044,1.0,9,-2330.0,-2342.0,12088.8,12088.8
1198431,100035,1.0,9,-1488.0,-1488.0,12001.86,12001.86
1189316,100025,1.0,8,-1459.0,-1456.0,23833.575,23830.65
2243464,100050,1.0,2,-429.0,-441.0,6919.605,6919.605
1944776,100054,1.0,12,-885.0,-890.0,6500.835,6500.835
2425547,100021,2.0,6,-669.0,-669.0,52236.18,52236.18
1670175,100035,1.0,3,-1337.0,-1337.0,22857.75,22857.75
2824473,100016,1.0,7,-1115.0,-1124.0,7124.04,7124.04
1035321,100047,1.0,7,-2421.0,-2427.0,4586.895,4586.895
1843384,100011,0.0,67,-311.0,-311.0,563.355,563.355
2492683,100043,1.0,1,-1189.0,-1204.0,10363.275,10363.275
1950847,100061,1.0,3,-1482.0,-1487.0,6006.285,6006.285
2001242,100007,1.0,1,-834.0,-838.0,16509.6,16509.6
1077565,100039,3.0,2,-635.0,-639.0,46326.735,225000.0
1077565,100039,4.0,2,-635.0,-639.0,178673.265,225000.0
2339761,100063,1.0,15,-303.0,-302.0,24650.1,101.475
1810518,100003,1.0,1,-716.0,-719.0,98356.995,98356.995
1251047,100016,1.0,7,-837.0,-815.0,14480.46,3.96
1413109,100009,1.0,6,-268.0,-276.0,8996.76,8996.76
1557583,100043,0.0,20,-679.0,-679.0,1970.235,1970.235
1514328,100032,1.0,6,-1316.0,-1402.0,7912.305,4.275
1717648,100052,1.0,1,-266.0,-277.0,6304.905,6304.905
2134202,100055,1.0,9,-513.0,-522.0,11150.595,11150.595
2339761,100063,2.0,22,-93.0,-93.0,7844.4,32494.5
2339761,100063,1.0,22,-93.0,-93.0,24650.1,32494.5
1182112,100049,1.0,6,-236.0,-245.0,7801.155,7801.155
1137041,100044,1.0,7,-2390.0,-2397.0,12088.8,12088.8
2704445,100018,2.0,6,-817.0,-818.0,94906.035,94906.035
1060558,100048,0.0,5,-847.0,-847.0,5045.85,5045.85
1038818,100002,1.0,10,-295.0,-312.0,9251.775,9251.775
1814975,100054,1.0,1,-816.0,-819.0,8589.6,8589.6
1186888,100008,1.0,4,-2401.0,-2428.0,8019.09,8019.09
1176822,100018,1.0,9,-1373.0,-1375.0,48759.525,48759.525
1251047,100016,1.0,10,-747.0,-758.0,14480.46,14476.5
1194857,100061,1.0,8,-469.0,-479.0,44223.12,44223.12
1112703,100009,1.0,1,-1531.0,-1542.0,9845.01,9845.01
2492683,100043,1.0,4,-1099.0,-1115.0,10363.275,10363.275
2462742,100007,1.0,10,-1466.0,-1497.0,3601.53,3.24
1461368,100040,1.0,3,-947.0,-977.0,18984.24,2.52
2007057,100009,1.0,5,-157.0,-165.0,7500.735,7500.735
2411919,100023,1.0,7,-1639.0,-1663.0,7992.0,7992.0
2449573,100035,1.0,2,-1568.0,-1568.0,6236.82,6236.82
1223113,100046,1.0,5,-389.0,-389.0,28390.635,28390.635
2052027,100045,2.0,24,-297.0,-298.0,50444.73,50444.73
2243829,100012,1.0,3,-1581.0,-1583.0,3012.075,3012.075
2037234,100033,9.0,108,-592.0,-553.0,108.36,108.36
2824473,100016,1.0,4,-1205.0,-1215.0,7124.04,7124.04
1950847,100061,1.0,9,-1302.0,-1312.0,6006.285,6006.285
1430602,100011,1.0,8,-2267.0,-2259.0,14614.335,14614.335
2662898,100029,2.0,4,-203.0,-224.0,66993.345,66993.345
2052027,100045,2.0,18,-477.0,-477.0,50444.73,50444.73
1189316,100025,1.0,4,-1579.0,-1586.0,23833.575,23833.575
2243464,100050,1.0,11,-159.0,-173.0,6919.605,6919.605
1189316,100025,1.0,10,-1399.0,-1393.0,23833.575,23830.65
1874778,100056,1.0,18,-1626.0,-1652.0,21678.705,45.675
2179840,100030,1.0,4,-257.0,-289.0,9035.685,9035.685
1212261,100053,1.0,4,-230.0,-262.0,10720.35,10720.35
2769249,100017,1.0,9,-2158.0,-2166.0,16967.295,16967.295
1390369,100034,4.0,5,-449.0,-455.0,26875.665,26875.665
1944776,100054,1.0,10,-945.0,-946.0,6582.87,6582.87
1748547,100062,1.0,1,-265.0,-273.0,29745.0,29745.0
1874778,100056,1.0,39,-996.0,-1016.0,21678.705,21678.705
2440070,100061,2.0,3,-975.0,-995.0,47039.535,47039.535
1366912,100048,1.0,1,-284.0,-291.0,57466.53,57466.53
1528842,100061,3.0,23,-107.0,-117.0,34431.48,34431.48
2314167,100045,1.0,13,-1478.0,-1487.0,8334.405,8334.405
1843384,100011,0.0,30,-1346.0,-1351.0,9000.0,9000.0
1557583,100043,0.0,30,-521.0,-521.0,747.855,747.855
2349489,100010,1.0,3,-979.0,-992.0,27463.41,27463.41
2794143,100011,1.0,12,-829.0,-832.0,31295.25,31295.25
1194857,100061,2.0,22,-49.0,-75.0,350120.52,350120.52
2119973,100007,1.0,10,-2056.0,-2044.0,1821.78,1821.78
1189316,100025,1.0,7,-1489.0,-1490.0,23833.575,23833.575
1874778,100056,1.0,4,-2046.0,-2075.0,21678.705,45.675
1194857,100061,1.0,4,-589.0,-596.0,44223.12,44223.12
2421381,100009,1.0,6,-645.0,-666.0,7421.4,7421.4
1461368,100040,1.0,13,-647.0,-644.0,18984.24,12759.12
1843384,100011,0.0,55,-676.0,-676.0,563.355,563.355
1874778,100056,1.0,43,-876.0,-891.0,21678.705,21678.705
2088496,100044,1.0,14,-1939.0,-1942.0,22962.33,22962.33
1029269,100039,1.0,2,-1736.0,-1768.0,5074.29,5074.29
1528842,100061,3.0,24,-77.0,-75.0,33697.53,33697.53
2462742,100007,1.0,8,-1526.0,-1526.0,3601.53,3601.53
1271192,100025,1.0,1,-2029.0,-2035.0,7159.545,7159.545
1786922,100041,1.0,3,-2610.0,-2605.0,3268.485,3268.485
1112703,100009,1.0,4,-1441.0,-1445.0,9845.01,9845.01
1843384,100011,0.0,6,-2076.0,-2088.0,9000.0,9000.0
2396755,100003,1.0,3,-2250.0,-2260.0,6737.31,6737.31
1940724,100007,1.0,8,-866.0,-867.0,22678.785,22678.785
1198431,100035,1.0,10,-1458.0,-1458.0,12001.86,12001.86
2339761,100063,1.0,6,-573.0,-572.0,24650.1,501.435
2384838,100037,1.0,5,-389.0,-404.0,17813.25,17813.25
1038818,100002,1.0,11,-265.0,-284.0,9251.775,9251.775
1060558,100048,0.0,32,-459.0,-459.0,1754.235,1754.235
2480304,100012,4.0,12,-147.0,-155.0,32183.37,32183.37
1843384,100011,0.0,58,-586.0,-586.0,563.355,563.355
2426800,100047,1.0,3,-1377.0,-1377.0,11117.7,11117.7
1194857,100061,1.0,21,-79.0,-117.0,44223.12,779.04
1557583,100043,0.0,22,-653.0,-653.0,1407.6,1407.6
1843384,100011,0.0,63,-433.0,-433.0,563.355,563.355
2500673,100035,1.0,1,-747.0,-750.0,37279.665,37279.665
1560053,100049,1.0,1,-2395.0,-2400.0,4543.11,4543.11
1843384,100011,0.0,39,-1164.0,-1164.0,563.355,563.355
2349489,100010,1.0,6,-889.0,-899.0,27463.41,27463.41
1251047,100016,1.0,2,-987.0,-1002.0,14480.46,14480.46
1709863,100036,1.0,10,-95.0,-105.0,6551.415,6551.415
1223113,100046,1.0,14,-119.0,-120.0,28390.635,28390.635
2480304,100012,3.0,2,-447.0,-456.0,5242.86,5242.86
1944776,100054,1.0,2,-1185.0,-1197.0,6582.87,6582.87
2243829,100012,1.0,1,-1641.0,-1645.0,3012.075,3012.075
1944776,100054,1.0,1,-1215.0,-1220.0,6582.87,6582.87
2052027,100045,2.0,23,-327.0,-328.0,50444.73,50444.73
1038818,100002,1.0,5,-445.0,-468.0,9251.775,9251.775
1845095,100052,2.0,5,-311.0,-314.0,8467.785,8467.785
1390369,100034,3.0,2,-539.0,-541.0,13888.98,13888.98
2001242,100007,2.0,9,-594.0,-602.0,16509.6,16509.6
1874778,100056,1.0,21,-1536.0,-1560.0,21678.705,45.675
2001242,100007,2.0,16,-384.0,-390.0,16509.6,16509.6
2835799,100025,1.0,2,-1001.0,-1008.0,23833.575,23833.575
1182112,100049,1.0,2,-356.0,-364.0,7801.155,7801.155
1461079,100014,1.0,4,-723.0,-722.0,11567.475,11567.475
1193310,100009,1.0,4,-1390.0,-1399.0,17341.605,17341.605
1035321,100047,1.0,5,-2481.0,-2489.0,4586.895,4586.895
2037234,100033,1.0,5,-698.0,-681.0,5542.92,5428.62
1430602,100011,1.0,10,-2207.0,-2225.0,14614.335,9000.0
1359598,100009,1.0,3,-2878.0,-2887.0,6155.28,6155.28
2349489,100010,1.0,4,-949.0,-963.0,27463.41,27463.41
1294812,100020,1.0,2,-411.0,-419.0,8779.77,8779.77
2134202,100055,1.0,11,-453.0,-459.0,11150.595,11150.595
2794143,100011,1.0,6,-1009.0,-1017.0,31295.25,31295.25
1137041,100044,1.0,6,-2420.0,-2428.0,12088.8,12088.8
1528842,100061,3.0,4,-677.0,-695.0,34431.48,34431.48
2052027,100045,2.0,15,-567.0,-568.0,50444.73,50444.73
1973524,100021,1.0,4,-2682.0,-2667.0,2709.45,2709.45
2454202,100023,2.0,4,-142.0,-166.0,231819.525,231819.525
1557583,100043,0.0,33,-462.0,-472.0,16876.125,16875.0
2119973,100007,1.0,3,-2266.0,-2263.0,1834.29,1834.29
1843384,100011,0.0,27,-1438.0,-1443.0,9000.0,9000.0
1366912,100048,1.0,5,-164.0,-166.0,57466.53,57466.53
1670175,100035,1.0,17,-917.0,-943.0,22857.75,118.08
1026256,100054,1.0,6,-105.0,-118.0,10349.91,10349.91
1219930,100035,1.0,5,-1922.0,-1923.0,5413.365,5413.365
1557583,100043,0.0,26,-598.0,-598.0,3137.76,3137.76
1843384,100011,0.0,17,-1742.0,-1745.0,9000.0,9000.0
2824473,100016,1.0,13,-935.0,-938.0,7124.04,7124.04
1814975,100054,1.0,2,-786.0,-792.0,8589.6,8589.6
2037234,100033,1.0,3,-758.0,-782.0,5542.92,2.16
1251047,100016,1.0,1,-1017.0,-1032.0,14480.46,14480.46
1636219,100056,1.0,8,-2582.0,-2582.0,13502.385,13502.385
1366913,100048,1.0,3,-368.0,-419.0,46850.265,46850.265
1557583,100043,0.0,15,-735.0,-728.0,21475.62,21475.62
1212261,100053,1.0,6,-170.0,-174.0,10720.35,10720.35
1461079,100014,1.0,12,-483.0,-513.0,11547.27,3032.775
2052027,100045,2.0,3,-927.0,-933.0,50444.73,50444.73
1843384,100011,0.0,65,-372.0,-372.0,563.355,563.355
2164190,100012,2.0,21,-202.0,-247.0,11057.535,11057.535
1461079,100014,1.0,7,-633.0,-628.0,11567.475,10322.325
2704445,100018,2.0,7,-787.0,-796.0,94694.355,94694.355
2447872,100027,1.0,2,-734.0,-745.0,28077.57,28077.57
1209367,100049,0.0,11,-72.0,-72.0,562.725,562.725
1874778,100056,1.0,14,-1746.0,-1739.0,21678.705,21633.03
2794143,100011,1.0,25,-439.0,-437.0,31295.25,30628.935
2339761,100063,1.0,15,-303.0,-301.0,24650.1,24548.625
1562063,100017,1.0,20,-11.0,-21.0,11783.52,11783.52
2492683,100043,1.0,21,-589.0,-713.0,10363.275,10363.275
1548007,100061,1.0,12,-861.0,-875.0,26184.825,26184.825
2794143,100011,1.0,28,-349.0,-373.0,31295.25,1280.565
2803221,100045,1.0,13,-1100.0,-1101.0,9011.61,9011.61
2613879,100008,1.0,2,-579.0,-590.0,25309.575,25309.575
1187878,100034,2.0,4,-167.0,-189.0,61969.77,61969.77
1461079,100014,1.0,8,-603.0,-628.0,11567.475,1602.675
2824473,100016,1.0,17,-815.0,-815.0,7124.04,7124.04
1189316,100025,1.0,12,-1339.0,-1330.0,23833.575,23830.65
2007057,100009,1.0,2,-247.0,-256.0,7500.735,7500.735
1562063,100017,1.0,5,-461.0,-476.0,11783.52,11783.52
2001242,100007,1.0,5,-714.0,-724.0,16509.6,16509.6
2769249,100017,1.0,7,-2218.0,-2222.0,16967.295,16967.295
2037234,100033,1.0,9,-578.0,-553.0,5542.92,3210.3
1786922,100041,1.0,2,-2640.0,-2636.0,3268.485,3268.485
1189316,100025,1.0,16,-1219.0,-1209.0,23833.575,23830.65
1223113,100046,1.0,6,-359.0,-360.0,28390.635,28390.635
1137041,100044,1.0,12,-2240.0,-2341.0,12088.8,12088.8
2769249,100017,1.0,6,-2248.0,-2251.0,16967.295,16967.295
1251047,100016,1.0,15,-597.0,-609.0,14480.46,14476.5
1189316,100025,1.0,18,-1159.0,-1188.0,23860.125,2.925
2769249,100017,1.0,5,-2278.0,-2283.0,16967.295,16967.295
2001242,100007,2.0,11,-534.0,-542.0,16509.6,16509.6
2440070,100061,1.0,2,-1005.0,-1024.0,12826.44,12826.44
1692033,100007,1.0,10,-74.0,-75.0,16037.64,16037.64
2037234,100033,1.0,6,-668.0,-611.0,5542.92,81.54
2088496,100044,1.0,6,-2179.0,-2220.0,22962.33,22962.33
2339761,100063,1.0,6,-573.0,-567.0,24650.1,24148.665
1137041,100044,1.0,10,-2300.0,-2341.0,12088.8,12088.8
2824473,100016,1.0,12,-965.0,-973.0,7124.04,7124.04
2119973,100007,1.0,1,-2326.0,-2318.0,1834.29,1834.29
2492683,100043,1.0,7,-1009.0,-1018.0,10363.275,10363.275
1413109,100009,1.0,12,-88.0,-90.0,8991.54,8991.54
2447872,100027,1.0,1,-764.0,-774.0,28077.57,28077.57
1251047,100016,1.0,16,-567.0,-543.0,14480.46,3.96
1709863,100036,1.0,4,-275.0,-293.0,6551.415,6551.415
1843384,100011,0.0,19,-1683.0,-1687.0,9000.0,9000.0
1189316,100025,1.0,8,-1459.0,-1490.0,23833.575,2.925
2604720,100035,2.0,2,-758.0,-777.0,140022.765,140022.765
2218188,100008,1.0,1,-339.0,-358.0,17885.835,17885.835
1366913,100048,2.0,5,-308.0,-314.0,548005.995,548005.995
1060558,100048,0.0,25,-544.0,-556.0,8012.61,8012.61
2339761,100063,1.0,5,-603.0,-599.0,24650.1,24248.565
2314167,100045,1.0,2,-1808.0,-1822.0,8334.405,8334.405
1620327,100019,1.0,3,-834.0,-870.0,10518.615,10518.615
1189316,100025,1.0,12,-1339.0,-1362.0,23833.575,2.925
2134202,100055,1.0,12,-423.0,-430.0,11111.265,11111.265
2396755,100003,1.0,1,-2310.0,-2324.0,6737.31,6737.31
1557583,100043,0.0,31,-493.0,-507.0,17265.645,17265.645
1060558,100048,0.0,44,-198.0,-198.0,1458.27,1458.27
1366913,100048,1.0,4,-338.0,-350.0,46850.265,46850.265
2001242,100007,2.0,15,-414.0,-423.0,16509.6,16509.6
1557583,100043,0.0,5,-888.0,-897.0,20493.225,20493.225
1514918,100049,1.0,9,-1210.0,-1239.0,5791.725,3166.2
1557583,100043,0.0,2,-961.0,-961.0,1281.78,1281.78
2803221,100045,1.0,12,-1130.0,-1158.0,9011.61,1397.745
2572058,100053,1.0,6,-469.0,-471.0,9636.705,9636.705
2572058,100053,1.0,5,-499.0,-532.0,9636.705,9636.705
1670175,100035,1.0,13,-1037.0,-1037.0,22857.75,22857.75
2704445,100018,2.0,5,-847.0,-859.0,94906.035,94906.035
2449573,100035,1.0,5,-1478.0,-1488.0,6236.82,6236.82
2037234,100033,2.0,101,-742.0,-742.0,277.02,277.02
1060558,100048,0.0,46,-136.0,-136.0,1458.27,1458.27
2218188,100008,1.0,9,-99.0,-106.0,17885.835,17885.835
1940724,100007,1.0,5,-956.0,-955.0,22678.785,22678.785
2052027,100045,2.0,22,-357.0,-357.0,50444.73,50444.73
1461368,100040,1.0,4,-917.0,-917.0,18984.24,18984.24
1390369,100034,3.0,3,-509.0,-516.0,13888.98,13888.98
1077565,100039,5.0,3,-605.0,-606.0,39812.715,39812.715
2164190,100012,2.0,18,-292.0,-307.0,11057.535,11057.535
2480304,100012,3.0,8,-267.0,-307.0,5242.86,5242.86
1515914,100016,1.0,8,-2129.0,-2132.0,6042.915,6042.915
1874778,100056,1.0,27,-1356.0,-1344.0,21678.705,21612.645
1232720,100049,1.0,3,-503.0,-512.0,6103.305,6103.305
1060558,100048,0.0,11,-756.0,-762.0,6106.14,6106.14
1219930,100035,1.0,2,-2012.0,-2016.0,5413.365,5413.365
1874778,100056,1.0,1,-2136.0,-2138.0,21678.705,21678.705
1826250,100056,1.0,2,-2560.0,-2560.0,17504.055,17504.055
1194857,100061,1.0,1,-679.0,-695.0,44223.12,44223.12
2411919,100023,1.0,4,-1729.0,-1740.0,7992.0,7992.0
1843384,100011,0.0,34,-1257.0,-1286.0,804.195,804.195
1923010,100037,1.0,6,-2431.0,-2494.0,25520.625,25520.625
1060558,100048,0.0,38,-379.0,-379.0,1458.27,1458.27
1814975,100054,1.0,4,-726.0,-730.0,8589.6,8589.6
2243829,100012,1.0,5,-1521.0,-1522.0,3012.075,3012.075
2604720,100035,1.0,1,-788.0,-818.0,15499.125,373.5
1843384,100011,0.0,16,-1773.0,-1779.0,9000.0,9000.0
1973524,100021,1.0,5,-2652.0,-2638.0,2709.45,2709.45
2243464,100050,2.0,16,-9.0,-37.0,60725.07,60725.07
1223113,100046,1.0,9,-269.0,-269.0,28390.635,28390.635
2007057,100009,1.0,6,-127.0,-134.0,7499.565,7499.565
2396755,100003,1.0,6,-2160.0,-2168.0,6737.31,6737.31
2425354,100035,1.0,1,-1157.0,-1157.0,18201.645,18201.645
2063227,100044,1.0,3,-1432.0,-1434.0,29545.2,29545.2
1597345,100016,1.0,10,-2662.0,-2662.0,4838.22,4838.22
1029269,100039,1.0,1,-1766.0,-1777.0,5074.29,5074.29
1223113,100046,1.0,11,-209.0,-210.0,28390.635,28390.635
2462742,100007,1.0,7,-1556.0,-1555.0,3601.53,3601.53
1748547,100062,1.0,5,-145.0,-149.0,29745.0,29745.0
1182112,100049,1.0,3,-326.0,-331.0,7801.155,7801.155
2037234,100033,1.0,12,-488.0,-495.0,5540.31,5540.31
1185699,100043,1.0,4,-2290.0,-2311.0,5287.815,5287.815
2190416,100006,1.0,1,-281.0,-285.0,29027.52,29027.52
2797899,100009,1.0,1,-43.0,-58.0,10418.67,10418.67
1636219,100056,1.0,11,-2492.0,-2492.0,13502.385,13502.385
1060558,100048,0.0,50,-26.0,-20.0,2250.0,2250.0
1923010,100037,1.0,1,-2581.0,-2593.0,25595.82,25595.82
1597345,100016,1.0,2,-2902.0,-2914.0,4886.505,4886.505
2314167,100045,1.0,12,-1508.0,-1515.0,8334.405,8334.405
2384838,100037,1.0,10,-239.0,-246.0,17813.25,17813.25
1950847,100061,1.0,4,-1452.0,-1457.0,6006.285,6006.285
1845095,100052,1.0,2,-401.0,-406.0,4364.595,4364.595
1514468,100059,2.0,3,-1195.0,-1198.0,251811.27,251811.27
2037234,100033,12.0,111,-502.0,-495.0,257.67,257.67
1557583,100043,0.0,6,-897.0,-897.0,2006.775,2006.775
1874778,100056,1.0,33,-1176.0,-1225.0,21678.705,21678.705
2447872,100027,1.0,10,-494.0,-501.0,27911.07,27911.07
1944776,100054,1.0,9,-975.0,-966.0,6582.87,6577.83
1223113,100046,1.0,7,-329.0,-329.0,28390.635,28390.635
1944776,100054,1.0,6,-1065.0,-1068.0,6582.87,6582.87
2447872,100027,1.0,8,-554.0,-564.0,28077.57,28077.57
1874778,100056,1.0,26,-1386.0,-1386.0,21678.705,21678.705
1251951,100018,1.0,3,-89.0,-104.0,4180.365,4180.365
2462742,100007,1.0,5,-1616.0,-1619.0,3601.53,3601.53
2340827,100063,1.0,1,-1516.0,-1518.0,12495.24,12495.24
1874778,100056,1.0,37,-1056.0,-1065.0,21678.705,21678.705
1843384,100011,0.0,53,-737.0,-737.0,563.355,563.355
2256622,100054,1.0,4,-355.0,-366.0,8896.23,8896.23
2794143,100011,1.0,29,-319.0,-315.0,31295.25,29809.935
2305060,100041,1.0,12,-1147.0,-1101.0,7306.65,130.365
1564014,100004,1.0,1,-784.0,-795.0,5357.25,5357.25
1557583,100043,0.0,38,-420.0,-420.0,838.98,838.98
1843384,100011,0.0,70,-221.0,-221.0,563.355,563.355
2037234,100033,1.0,2,-788.0,-823.0,5542.92,1.08
2492683,100043,1.0,22,-559.0,-682.0,10363.275,10363.275
1620327,100019,4.0,7,-714.0,-716.0,23761.395,23761.395
1029269,100039,1.0,6,-1616.0,-1638.0,5076.63,5076.63
2063227,100044,1.0,19,-952.0,-953.0,29545.2,29545.2
1060558,100048,0.0,21,-605.0,-612.0,8431.245,8431.245
1843384,100011,0.0,45,-980.0,-980.0,563.355,563.355
1366913,100048,1.0,1,-428.0,-456.0,46850.265,46850.265
2794143,100011,1.0,24,-469.0,-467.0,31295.25,30833.685
2001242,100007,2.0,8,-624.0,-640.0,16509.6,16509.6
2305060,100041,1.0,2,-1447.0,-1499.0,7297.515,7297.515
1557583,100043,0.0,14,-758.0,-758.0,223.83,223.83
2088496,100044,1.0,20,-1759.0,-1758.0,22962.33,22962.33
1319299,100022,1.0,4,-119.0,-143.0,6765.975,6765.975
2037234,100033,8.0,107,-612.0,-553.0,281.205,281.205
1027737,100015,1.0,5,-2240.0,-2258.0,7666.92,7666.92
1461368,100040,1.0,1,-1007.0,-1017.0,18984.24,18984.24
1430602,100011,1.0,7,-2297.0,-2295.0,14614.335,14614.335
2299329,100006,1.0,2,-515.0,-562.0,2482.92,2482.92
2339761,100063,3.0,24,-28.0,-28.0,23922.54,23922.54
1514918,100049,1.0,3,-1390.0,-1393.0,5791.725,5791.725
2119973,100007,1.0,8,-2116.0,-2115.0,1834.29,1834.29
1515914,100016,1.0,6,-2189.0,-2193.0,6042.915,6042.915
1189316,100025,1.0,16,-1219.0,-1242.0,23833.575,2.925
1038818,100002,1.0,4,-475.0,-498.0,9251.775,9251.775
2384838,100037,1.0,7,-329.0,-342.0,17813.25,17813.25
1189316,100025,1.0,13,-1309.0,-1295.0,23833.575,23830.65
1528842,100061,3.0,10,-497.0,-510.0,34431.48,34431.48
1692033,100007,1.0,3,-284.0,-287.0,16037.64,16037.64
1189316,100025,1.0,13,-1309.0,-1330.0,23833.575,2.925
1843384,100011,0.0,50,-829.0,-829.0,563.355,563.355
1185699,100043,1.0,3,-2320.0,-2341.0,5287.815,5287.815
1709863,100036,1.0,3,-305.0,-372.0,6551.415,6551.415
2088496,100044,1.0,11,-2029.0,-2039.0,22962.33,22962.33
2824473,100016,1.0,8,-1085.0,-1092.0,7124.04,7124.04
2119973,100007,1.0,5,-2206.0,-2205.0,1834.29,1834.29
2425547,100021,1.0,5,-699.0,-735.0,10248.615,10248.615
2500673,100035,1.0,3,-687.0,-698.0,37279.665,37279.665
1168900,100051,1.0,9,-285.0,-286.0,6887.16,6887.16
2037234,100033,1.0,10,-548.0,-553.0,5542.92,5542.92
1709863,100036,1.0,1,-365.0,-381.0,6551.415,6551.415
1516108,100044,1.0,1,-348.0,-357.0,8565.705,8565.705
1843384,100011,0.0,48,-890.0,-890.0,563.355,563.355
1950847,100061,1.0,6,-1392.0,-1392.0,6006.285,6006.285
2384838,100037,1.0,6,-359.0,-379.0,17813.25,17813.25
1212261,100053,1.0,9,-80.0,-80.0,10720.35,10720.35
1176822,100018,1.0,11,-1313.0,-1315.0,48759.525,48759.525
1560053,100049,1.0,6,-2245.0,-2253.0,4543.11,4543.11
2134202,100055,1.0,8,-543.0,-550.0,11150.595,11150.595
1461368,100040,1.0,14,-617.0,-616.0,18984.24,18984.24
2339761,100063,1.0,2,-693.0,-693.0,24650.1,24650.1
2256622,100054,1.0,2,-415.0,-426.0,8896.23,8896.23
2492683,100043,1.0,9,-949.0,-975.0,10363.275,10363.275
1843384,100011,0.0,11,-1926.0,-1934.0,9000.0,9000.0
2190416,100006,1.0,5,-161.0,-174.0,29027.52,29027.52
2704445,100018,1.0,1,-955.0,-971.0,94906.035,94906.035
2794143,100011,1.0,11,-859.0,-863.0,31295.25,31295.25
1810518,100003,1.0,6,-566.0,-570.0,98356.995,98356.995
2492683,100043,1.0,16,-739.0,-800.0,10363.275,10363.275
1186888,100008,1.0,3,-2431.0,-2452.0,8019.09,8019.09
1814975,100054,1.0,8,-606.0,-610.0,8589.6,8589.6
1514328,100032,1.0,6,-1316.0,-1307.0,7912.305,7908.03
2480304,100012,3.0,11,-177.0,-247.0,5242.86,5242.86
1557583,100043,0.0,7,-858.0,-861.0,19927.89,19927.89
1060558,100048,0.0,51,-20.0,-20.0,6750.0,6750.0
2001242,100007,2.0,17,-354.0,-374.0,16046.1,16046.1
2088496,100044,1.0,4,-2239.0,-2307.0,22962.33,22962.33
2425547,100021,1.0,1,-819.0,-826.0,10248.615,10248.615
2411919,100023,1.0,12,-1489.0,-1511.0,7992.0,7992.0
1874778,100056,1.0,52,-606.0,-637.0,21678.705,21678.705
1288446,100045,1.0,2,-2718.0,-2718.0,6319.35,6319.35
1528842,100061,3.0,14,-377.0,-422.0,34431.48,34431.48
1940724,100007,1.0,3,-1016.0,-1016.0,22678.785,22678.785
1223113,100046,1.0,17,-29.0,-29.0,28390.635,28390.635
2794143,100011,1.0,29,-319.0,-348.0,31295.25,1485.315
1670175,100035,1.0,7,-1217.0,-1217.0,22857.75,22857.75
1461079,100014,1.0,8,-603.0,-599.0,11567.475,9964.8
1874778,100056,1.0,40,-966.0,-981.0,21678.705,21678.705
1239349,100025,1.0,6,-708.0,-707.0,39798.99,39798.99
2052027,100045,1.0,1,-987.0,-991.0,50575.23,50575.23
1131053,100023,1.0,2,-2363.0,-2363.0,8519.13,8519.13
1319299,100022,1.0,6,-59.0,-81.0,6765.975,6765.975
1288446,100045,1.0,5,-2628.0,-2625.0,6319.35,6319.35
1209367,100049,0.0,2,-185.0,-199.0,2250.0,2250.0
1137041,100044,1.0,8,-2360.0,-2368.0,12088.8,12088.8
1430602,100011,1.0,3,-2417.0,-2413.0,14614.335,14614.335
1562063,100017,1.0,14,-191.0,-209.0,11783.52,11783.52
1176822,100018,1.0,7,-1433.0,-1435.0,48759.525,48759.525
2426800,100047,1.0,1,-1437.0,-1442.0,11117.7,11117.7
1885254,100059,1.0,7,-116.0,-132.0,16294.5,16294.5
1194857,100061,1.0,20,-109.0,-117.0,44223.12,44223.12
1252218,100026,1.0,5,-1276.0,-1284.0,23608.485,23608.485
1461079,100014,1.0,9,-573.0,-572.0,11567.475,11567.475
1814975,100054,1.0,12,-486.0,-489.0,8576.145,8576.145
1212261,100053,1.0,5,-200.0,-200.0,10720.35,10720.35
1843384,100011,0.0,59,-555.0,-555.0,563.355,563.355
2426800,100047,1.0,5,-1317.0,-1320.0,11117.7,11117.7
1198431,100035,1.0,1,-1728.0,-1741.0,12001.86,12001.86
1557583,100043,0.0,3,-919.0,-920.0,21026.475,21026.475
1112703,100009,1.0,8,-1321.0,-1322.0,9845.01,9845.01
1885254,100059,1.0,3,-236.0,-267.0,16294.5,16294.5
2218188,100008,1.0,5,-219.0,-230.0,17885.835,17885.835
1413109,100009,1.0,8,-208.0,-223.0,8996.76,8996.76
2339761,100063,1.0,16,-273.0,-273.0,24650.1,24650.1
2134202,100055,1.0,1,-753.0,-767.0,11150.595,11150.595
1560053,100049,1.0,12,-2065.0,-2066.0,4477.23,4477.23
2492683,100043,1.0,24,-499.0,-619.0,10363.275,10363.275
1194857,100061,1.0,10,-409.0,-436.0,44223.12,44223.12
1219930,100035,1.0,6,-1892.0,-1892.0,5378.22,5378.22
1198431,100035,1.0,4,-1638.0,-1638.0,12001.86,12001.86
1562063,100017,1.0,18,-71.0,-77.0,11783.52,11783.52
1597345,100016,1.0,8,-2722.0,-2726.0,4886.505,4886.505
1027737,100015,1.0,2,-2330.0,-2348.0,7666.92,7666.92
1229670,100059,1.0,2,-478.0,-491.0,5621.355,5621.355
2063227,100044,1.0,17,-1012.0,-1019.0,29545.2,29545.2
1137041,100044,1.0,18,-2060.0,-2058.0,11882.97,5868.9
1189316,100025,1.0,1,-1669.0,-1699.0,23833.575,23833.575
2299459,100059,2.0,2,-2747.0,-2759.0,38838.375,38838.375
1516108,100044,1.0,2,-318.0,-324.0,8565.705,8565.705
1814975,100054,1.0,7,-636.0,-639.0,8589.6,8589.6
1060558,100048,0.0,30,-489.0,-489.0,1994.76,1994.76
1060558,100048,0.0,29,-482.0,-489.0,7455.24,7455.24
1461368,100040,1.0,16,-557.0,-557.0,18984.24,18984.24
1223113,100046,1.0,12,-179.0,-179.0,28390.635,28390.635
1557583,100043,0.0,29,-523.0,-521.0,17702.145,602.145
1194857,100061,1.0,17,-199.0,-199.0,44223.12,44223.12
2425354,100035,1.0,8,-947.0,-943.0,18201.645,18201.645
1692033,100007,1.0,1,-344.0,-348.0,16037.64,16037.64
2037234,100033,10.0,109,-562.0,-553.0,160.515,160.515
2088496,100044,1.0,21,-1729.0,-1729.0,22962.33,22962.33
1251047,100016,1.0,8,-807.0,-784.0,14480.46,3.96
2835799,100025,1.0,1,-1031.0,-1061.0,23833.575,23833.575
1562063,100017,1.0,15,-161.0,-172.0,11783.52,11783.52
1692033,100007,1.0,11,-44.0,-44.0,16037.64,16037.64
1251047,100016,1.0,7,-837.0,-844.0,14480.46,14476.5
1548007,100061,1.0,6,-1041.0,-1045.0,26472.24,26472.24
1223113,100046,1.0,2,-479.0,-479.0,28390.635,28390.635
2052027,100045,2.0,9,-747.0,-749.0,50444.73,50444.73
1548007,100061,1.0,11,-891.0,-902.0,26472.24,26472.24
1564014,100004,2.0,3,-724.0,-727.0,10573.965,10573.965
1636219,100056,2.0,101,-2714.0,-2710.0,1350.0,1350.0
2164190,100012,2.0,6,-652.0,-712.0,11057.535,11057.535
1670175,100035,1.0,15,-977.0,-968.0,22857.75,21463.38
1209367,100049,0.0,13,-34.0,-38.0,6737.895,6737.895
2794143,100011,1.0,23,-499.0,-498.0,31295.25,31295.25
1239349,100025,2.0,7,-678.0,-697.0,376810.425,376810.425
2421381,100009,1.0,3,-735.0,-745.0,7435.845,7435.845
1038818,100002,1.0,7,-385.0,-412.0,9251.775,9251.775
1692033,100007,1.0,12,-14.0,-14.0,16037.64,16037.64
1874778,100056,1.0,5,-2016.0,-2010.0,21678.705,21633.03
1717648,100052,1.0,2,-236.0,-251.0,6304.905,6304.905
2088496,100044,1.0,9,-2089.0,-2090.0,22962.33,22962.33
1560053,100049,1.0,4,-2305.0,-2313.0,4543.11,4543.11
1843384,100011,0.0,61,-494.0,-494.0,563.355,563.355
2190416,100006,1.0,9,-41.0,-42.0,29027.52,29027.52
1060558,100048,0.0,26,-556.0,-556.0,987.39,987.39
2119973,100007,1.0,7,-2146.0,-2142.0,1834.29,1834.29
1874778,100056,1.0,3,-2076.0,-2075.0,21678.705,21678.705
2037234,100033,1.0,4,-728.0,-742.0,5542.92,5542.92
1515914,100016,1.0,4,-2249.0,-2249.0,6042.915,6042.915
1027737,100015,1.0,1,-2360.0,-2374.0,7666.92,7666.92
1843384,100011,0.0,15,-1803.0,-1811.0,9000.0,9000.0
1461368,100040,1.0,8,-797.0,-835.0,18984.24,4396.32
2339761,100063,1.0,13,-363.0,-363.0,24650.1,24650.1
2339761,100063,1.0,10,-453.0,-453.0,24650.1,24650.1
1322806,100062,1.0,4,-336.0,-350.0,66663.9,66663.9
1874778,100056,1.0,51,-636.0,-637.0,21678.705,21678.705
1168900,100051,1.0,10,-255.0,-258.0,6887.16,6887.16
2480304,100012,2.0,1,-477.0,-487.0,49204.89,58687.245
2480304,100012,1.0,1,-477.0,-487.0,9482.355,58687.245
1843384,100011,0.0,8,-2017.0,-2029.0,9000.0,9000.0
1366912,100048,1.0,8,-74.0,-75.0,57466.53,57466.53
1060558,100048,0.0,28,-525.0,-525.0,5647.275,5647.275
2088496,100044,1.0,12,-1999.0,-2001.0,22962.33,22962.33
1843384,100011,0.0,69,-249.0,-249.0,563.355,563.355
2063227,100044,1.0,16,-1042.0,-1043.0,29545.2,29545.2
2835799,100025,1.0,5,-911.0,-917.0,23833.575,23833.575
1461368,100040,1.0,5,-887.0,-882.0,18984.24,15685.2
1843384,100011,0.0,14,-1834.0,-1842.0,9000.0,9000.0
1229670,100059,2.0,3,-448.0,-460.0,53057.475,53057.475
1461079,100014,1.0,2,-783.0,-788.0,11567.475,11567.475
1557583,100043,0.0,16,-728.0,-728.0,124.38,124.38
2492683,100043,1.0,6,-1039.0,-1052.0,10363.275,10363.275
1252218,100026,1.0,4,-1306.0,-1316.0,23608.485,23608.485
1874778,100056,1.0,8,-1926.0,-1927.0,21678.705,21678.705
1271192,100025,1.0,3,-1969.0,-2004.0,7159.545,7159.545
1430602,100011,1.0,9,-2237.0,-2253.0,14614.335,9000.0
1670175,100035,1.0,16,-947.0,-968.0,22857.75,2.475
1461368,100040,1.0,7,-827.0,-835.0,18984.24,18984.24
2088496,100044,1.0,5,-2209.0,-2277.0,22962.33,22962.33
1322806,100062,1.0,5,-306.0,-323.0,66663.9,66663.9
1461368,100040,1.0,6,-857.0,-851.0,18984.24,15319.44
1232720,100049,1.0,2,-533.0,-547.0,6103.305,6103.305
1692033,100007,1.0,8,-134.0,-136.0,16037.64,16037.64
2425354,100035,1.0,7,-977.0,-968.0,18201.645,18201.645
2256622,100054,1.0,10,-175.0,-183.0,8896.23,8896.23
2803221,100045,1.0,8,-1250.0,-1249.0,9011.61,9011.61
1843384,100011,0.0,46,-951.0,-951.0,563.355,563.355
2349489,100010,1.0,7,-859.0,-868.0,27463.41,27463.41
2803221,100045,1.0,7,-1280.0,-1280.0,9011.61,9011.61
2339761,100063,1.0,1,-723.0,-723.0,24650.1,24650.1
1229670,100059,1.0,1,-508.0,-519.0,5621.355,5621.355
1251047,100016,1.0,5,-897.0,-879.0,14480.46,3.96
1189316,100025,1.0,10,-1399.0,-1428.0,23833.575,2.925
1944776,100054,1.0,8,-1005.0,-1034.0,6582.87,4.41
2794143,100011,1.0,7,-979.0,-985.0,31295.25,31295.25
1843384,100011,0.0,26,-1469.0,-1471.0,9000.0,9000.0
1826250,100056,1.0,4,-2500.0,-2500.0,17504.055,17504.055
1322806,100062,1.0,2,-396.0,-411.0,66663.9,66663.9
1748547,100062,1.0,4,-175.0,-181.0,29745.0,29745.0
2447872,100027,1.0,6,-614.0,-618.0,28077.57,28077.57
2349489,100010,1.0,5,-919.0,-928.0,27463.41,27463.41
2572058,100053,1.0,3,-559.0,-563.0,9636.705,9636.705
1131053,100023,1.0,4,-2303.0,-2303.0,8519.13,8519.13
1182112,100049,1.0,5,-266.0,-274.0,7801.155,7801.155
1874778,100056,1.0,16,-1686.0,-1683.0,21678.705,21633.03
1528842,100061,3.0,13,-407.0,-435.0,34431.48,34431.48
2339761,100063,1.0,5,-603.0,-602.0,24650.1,401.535
2164190,100012,2.0,16,-352.0,-367.0,11057.535,11057.535
1060558,100048,0.0,3,-889.0,-889.0,36000.0,36000.0
1060558,100048,0.0,6,-847.0,-847.0,54804.15,54804.15
2256622,100054,1.0,8,-235.0,-244.0,8896.23,8896.23
1692033,100007,1.0,4,-254.0,-258.0,16037.64,16037.64
