SK_ID_PREV,SK_ID_CURR,MONTHS_BALANCE,CNT_INSTALMENT,CNT_INSTALMENT_FUTURE,NAME_CONTRACT_STATUS,SK_DPD,SK_DPD_DEF
2426800,100047,-40,24.0,2.0,Active,0,0
1692033,100007,-3,24.0,15.0,Active,0,0
1223113,100046,-11,18.0,12.0,Active,0,0
1194857,100061,-14,30.0,21.0,Active,0,0
1212261,100053,-2,12.0,3.0,Active,0,0
2349489,100010,-35,10.0,10.0,Active,0,0
1191663,100060,-11,36.0,32.0,Active,0,0
1223113,100046,-10,18.0,11.0,Active,0,0
1194857,100061,-7,30.0,14.0,Active,0,0
2119973,100007,-73,10.0,6.0,Active,0,0
2462742,100007,-57,12.0,11.0,Active,0,0
1223113,100046,-4,18.0,5.0,Active,0,0
2480304,100012,-12,18.0,13.0,Active,0,0
2794143,100011,-18,30.0,8.0,Active,0,0
2339761,100063,-23,36.0,35.0,Active,0,0
2769249,100017,-73,10.0,3.0,Active,0,0
2164190,100012,-7,24.0,3.0,Active,0,0
2339761,100063,-9,36.0,20.0,Active,0,0
1212261,100053,-3,12.0,4.0,Active,0,0
2384838,100037,-16,12.0,10.0,Active,0,0
2339761,100063,-16,36.0,28.0,Active,0,0
1811514,100027,-10,12.0,7.0,Active,0,0
1185699,100043,-74,8.0,2.0,Active,0,0
2794143,100011,-36,30.0,27.0,Active,0,0
2803221,100045,-38,14.0,3.0,Active,0,0
2396755,100003,-66,12.0,1.0,Active,0,0
1390369,100034,-18,6.0,4.0,Active,0,0
1692033,100007,-9,24.0,21.0,Active,0,0
2007057,100009,-10,6.0,6.0,Active,0,0
1944776,100054,-40,12.0,11.0,Active,0,0
1885254,100059,-9,48.0,46.0,Active,0,0
1885254,100059,-10,48.0,47.0,Active,0,0
2480304,100012,-7,18.0,8.0,Active,0,0
2572058,100053,-16,24.0,19.0,Active,0,0
1131053,100023,-73,8.0,1.0,Active,0,0
2384838,100037,-11,12.0,5.0,Active,0,0
1251047,100016,-25,24.0,14.0,Active,0,0
2803221,100045,-41,14.0,6.0,Active,0,0
1288446,100045,-88,6.0,3.0,Active,0,0
1811514,100027,-9,12.0,6.0,Active,0,0
1950847,100061,-44,12.0,4.0,Active,0,0
1528842,100061,-2,24.0,0.0,Completed,0,0
1514918,100049,-39,10.0,0.0,Completed,0,0
2339761,100063,-17,36.0,29.0,Active,0,0
1112703,100009,-41,10.0,0.0,Completed,0,0
2824473,100016,-39,24.0,19.0,Active,0,0
1514328,100032,-44,6.0,1.0,Active,0,0
1528842,100061,-14,24.0,12.0,Active,0,0
2794143,100011,-11,30.0,1.0,Active,0,0
1670175,100035,-32,18.0,3.0,Active,0,0
2179840,100030,-10,6.0,4.0,Active,0,0
2613879,100008,-19,30.0,28.0,Active,0,0
1252218,100026,-42,6.0,1.0,Active,0,0
2824473,100016,-40,24.0,20.0,Active,0,0
2037234,100033,-27,12.0,11.0,Active,0,0
1528842,100061,-15,24.0,13.0,Active,0,0
1194857,100061,-2,30.0,9.0,Active,0,0
1112703,100009,-42,10.0,1.0,Active,0,0
1194857,100061,-15,30.0,22.0,Active,0,0
2339761,100063,-1,36.0,13.0,Active,0,0
1560053,100049,-73,12.0,5.0,Active,0,0
1430602,100011,-77,12.0,6.0,Active,0,0
2305060,100041,-40,12.0,3.0,Active,0,0
2349489,100010,-28,10.0,3.0,Active,0,0
2636178,100003,-23,6.0,1.0,Active,0,0
2447872,100027,-21,10.0,5.0,Active,0,0
1219930,100035,-64,6.0,2.0,Active,0,0
2480304,100012,-14,18.0,15.0,Active,0,0
2480304,100012,-8,18.0,9.0,Active,0,0
1366912,100048,-9,18.0,17.0,Active,0,0
1885254,100059,-4,48.0,41.0,Active,0,0
2425547,100021,-25,12.0,9.0,Active,0,0
1252218,100026,-43,6.0,2.0,Active,0,0
1271192,100025,-64,6.0,2.0,Active,0,0
1219930,100035,-67,6.0,5.0,Active,0,0
1885254,100059,-11,48.0,48.0,Active,0,0
2794143,100011,-34,30.0,25.0,Active,0,0
2305060,100041,-39,12.0,2.0,Active,0,0
2492683,100043,-36,60.0,56.0,Active,0,0
1176822,100018,-47,12.0,5.0,Active,0,0
1182112,100049,-10,12.0,8.0,Active,0,0
1193310,100009,-43,6.0,0.0,Completed,0,0
2704445,100018,-27,7.0,1.0,Active,0,0
1182112,100049,-4,12.0,2.0,Active,0,0
1038818,100002,-13,24.0,18.0,Active,0,0
2492683,100043,-21,60.0,40.0,Active,0,0
1515914,100016,-75,12.0,9.0,Active,0,0
2454202,100023,-5,4.0,0.0,Completed,0,0
1194857,100061,-9,30.0,16.0,Active,0,0
1212261,100053,-8,12.0,9.0,Active,0,0
2052027,100045,-21,36.0,23.0,Active,0,0
1359598,100009,-95,5.0,3.0,Active,0,0
1885254,100059,-2,9.0,0.0,Completed,0,0
1430602,100011,-76,12.0,5.0,Active,0,0
2824473,100016,-41,24.0,21.0,Active,0,0
1251047,100016,-32,24.0,21.0,Active,0,0
1213820,100021,-9,12.0,12.0,Active,0,0
1288446,100045,-89,6.0,4.0,Active,0,0
1461368,100040,-26,24.0,16.0,Active,0,0
2803221,100045,-35,14.0,0.0,Completed,0,0
2052027,100045,-34,36.0,36.0,Active,0,0
2305060,100041,-41,12.0,4.0,Active,0,0
1950847,100061,-46,12.0,7.0,Active,0,0
1514918,100049,-41,10.0,2.0,Active,0,0
1077565,100039,-14,8.0,0.0,Completed,0,0
1176822,100018,-49,12.0,7.0,Active,0,0
2480304,100012,-16,18.0,17.0,Active,0,0
2480304,100012,-10,18.0,11.0,Active,0,0
1219930,100035,-65,6.0,3.0,Active,0,0
1185699,100043,-78,8.0,7.0,Active,0,0
2613879,100008,-13,8.0,0.0,Completed,0,0
1223113,100046,-14,18.0,15.0,Active,0,0
1189316,100025,-39,18.0,1.0,Active,0,0
1528842,100061,-12,24.0,10.0,Active,0,0
1905091,100035,-21,3.0,0.0,Active,0,0
1189316,100025,-45,18.0,7.0,Active,0,0
1219930,100035,-66,6.0,4.0,Active,0,0
1239349,100025,-22,7.0,0.0,Completed,0,0
1692033,100007,-10,24.0,22.0,Active,0,0
1212261,100053,-9,12.0,10.0,Active,0,0
1772508,100026,-14,36.0,35.0,Active,0,0
2052027,100045,-24,36.0,26.0,Active,0,0
1035321,100047,-76,10.0,0.0,Completed,0,0
1176822,100018,-45,12.0,3.0,Active,0,0
2835799,100025,-31,18.0,14.0,Active,0,0
1232720,100049,-14,6.0,0.0,Completed,0,0
1027737,100015,-75,10.0,6.0,Active,0,0
2256622,100054,-13,12.0,9.0,Active,0,0
2063227,100044,-36,48.0,34.0,Active,0,0
1077565,100039,-20,42.0,39.0,Active,0,0
2164190,100012,-11,24.0,7.0,Active,0,0
2426800,100047,-41,24.0,3.0,Active,0,0
1496284,100039,-75,4.0,0.0,Active,0,0
2052027,100045,-19,36.0,21.0,Active,0,0
1182112,100049,-7,12.0,5.0,Active,0,0
1198431,100035,-49,12.0,3.0,Active,0,0
1251047,100016,-24,24.0,13.0,Active,0,0
2492683,100043,-33,60.0,53.0,Active,0,0
2063227,100044,-33,48.0,31.0,Active,0,0
2256622,100054,-16,12.0,12.0,Active,0,0
1874778,100056,-39,54.0,22.0,Active,0,0
1940724,100007,-35,12.0,11.0,Active,0,0
1182112,100049,-2,12.0,0.0,Completed,0,0
1212261,100053,-7,12.0,8.0,Active,0,0
2613879,100008,-17,30.0,26.0,Active,0,0
1366913,100048,-12,18.0,15.0,Active,0,0
1182112,100049,-9,12.0,7.0,Active,0,0
1294812,100020,-13,6.0,3.0,Active,0,0
1874778,100056,-38,54.0,21.0,Active,0,0
1874778,100056,-32,54.0,15.0,Active,0,0
1461368,100040,-25,24.0,15.0,Active,0,0
1874778,100056,-17,54.0,0.0,Completed,0,0
2492683,100043,-14,26.0,0.0,Completed,0,0
2492683,100043,-24,60.0,43.0,Active,0,0
1748547,100062,-8,48.0,46.0,Active,0,0
1232720,100049,-19,6.0,5.0,Active,0,0
1845095,100052,-10,5.0,0.0,Completed,0,0
1430602,100011,-75,12.0,4.0,Active,8,8
1496284,100039,-78,4.0,3.0,Active,0,0
2314167,100045,-58,16.0,12.0,Active,0,0
1786922,100041,-87,6.0,5.0,Active,0,0
2492683,100043,-18,60.0,37.0,Active,0,0
2832301,100055,-10,1.0,0.0,Completed,0,0
1284590,100063,-15,12.0,12.0,Active,0,0
2454202,100023,-9,24.0,24.0,Active,0,0
1560053,100049,-72,12.0,4.0,Active,0,0
1748547,100062,-3,48.0,41.0,Active,0,0
1748547,100062,-9,48.0,47.0,Active,0,0
1322806,100062,-14,12.0,11.0,Active,0,0
1874778,100056,-19,54.0,1.0,Active,0,0
2001242,100007,-20,17.0,9.0,Active,0,0
1182112,100049,-13,12.0,11.0,Active,0,0
2243464,100050,-16,24.0,24.0,Active,0,0
2440070,100061,-33,6.0,4.0,Active,0,0
1560053,100049,-74,12.0,6.0,Active,0,0
1874778,100056,-34,54.0,17.0,Active,0,0
2835799,100025,-32,18.0,15.0,Active,0,0
1811514,100027,-14,12.0,11.0,Active,0,0
1366912,100048,-8,18.0,16.0,Active,0,0
2164190,100012,-14,24.0,10.0,Active,0,0
1271192,100025,-63,6.0,1.0,Active,0,0
1670175,100035,-39,18.0,10.0,Active,0,0
2462742,100007,-50,12.0,4.0,Active,0,0
1670175,100035,-45,18.0,16.0,Active,0,0
1548007,100061,-37,12.0,9.0,Active,0,0
1077565,100039,-19,42.0,38.0,Active,0,0
1027737,100015,-72,10.0,3.0,Active,0,0
2314167,100045,-51,16.0,5.0,Active,0,0
2134202,100055,-20,12.0,7.0,Active,0,0
2492683,100043,-23,60.0,42.0,Active,0,0
1562063,100017,-17,24.0,21.0,Active,0,0
2339761,100063,-15,36.0,27.0,Active,0,0
2384838,100037,-10,12.0,4.0,Active,0,0
1212261,100053,-10,12.0,11.0,Active,0,0
2492683,100043,-40,60.0,60.0,Active,0,0
2492683,100043,-34,60.0,54.0,Active,0,0
2063227,100044,-41,48.0,39.0,Active,0,0
2063227,100044,-47,48.0,45.0,Active,0,0
2063227,100044,-34,48.0,32.0,Active,0,0
1038818,100002,-16,24.0,21.0,Active,0,0
1885254,100059,-3,48.0,40.0,Active,0,0
1950847,100061,-42,12.0,2.0,Active,2,2
1717648,100052,-6,4.0,0.0,Completed,0,0
2339761,100063,-4,36.0,15.0,Active,0,0
1811514,100027,-11,12.0,8.0,Active,0,0
1810518,100003,-23,12.0,10.0,Active,0,0
1944776,100054,-33,12.0,4.0,Active,0,0
1514468,100059,-39,3.0,0.0,Completed,0,0
1810518,100003,-25,12.0,12.0,Active,0,0
2803221,100045,-40,14.0,5.0,Active,0,0
1692033,100007,-6,24.0,18.0,Active,0,0
2339761,100063,-3,36.0,14.0,Active,0,0
1390369,100034,-19,6.0,5.0,Active,0,0
1131053,100023,-77,8.0,5.0,Active,0,0
1597345,100016,-93,10.0,5.0,Active,0,0
2339761,100063,-10,36.0,21.0,Active,1,1
2421381,100009,-21,6.0,0.0,Completed,0,0
1514328,100032,-45,6.0,2.0,Active,0,0
1189316,100025,-38,18.0,0.0,Completed,0,0
1562063,100017,-14,24.0,18.0,Active,0,0
1528842,100061,-24,24.0,22.0,Active,0,0
2572058,100053,-19,24.0,22.0,Active,0,0
1944776,100054,-34,12.0,5.0,Active,0,0
2227125,100009,-10,6.0,6.0,Active,0,0
1907290,100008,-72,10.0,5.0,Active,0,0
2480304,100012,-13,18.0,14.0,Active,0,0
1514328,100032,-43,6.0,0.0,Completed,0,0
1692033,100007,-5,24.0,17.0,Active,0,0
1366913,100048,-15,18.0,18.0,Active,0,0
1528842,100061,-9,24.0,7.0,Active,0,0
1514468,100059,-41,6.0,5.0,Active,0,0
2243829,100012,-55,9.0,9.0,Active,0,0
1717648,100052,-10,6.0,6.0,Active,0,0
1359598,100009,-91,5.0,0.0,Active,0,0
1185699,100043,-77,8.0,6.0,Active,0,0
1597345,100016,-92,10.0,4.0,Active,0,0
2794143,100011,-12,30.0,2.0,Active,0,0
1176822,100018,-46,12.0,4.0,Active,0,0
1950847,100061,-45,12.0,6.0,Active,0,0
1077565,100039,-22,42.0,41.0,Active,0,0
2426800,100047,-48,10.0,10.0,Active,0,0
2794143,100011,-10,30.0,0.0,Completed,0,0
1182112,100049,-8,12.0,6.0,Active,0,0
1923010,100037,-79,6.0,0.0,Completed,0,0
1194857,100061,-13,30.0,20.0,Active,0,0
1251047,100016,-26,24.0,15.0,Active,0,0
2243829,100012,-49,9.0,3.0,Active,0,0
1874778,100056,-71,54.0,54.0,Active,0,0
2088496,100044,-73,24.0,19.0,Active,0,0
1874778,100056,-46,54.0,29.0,Active,0,0
2164190,100012,-15,24.0,11.0,Active,0,0
1528842,100061,-8,24.0,6.0,Active,0,0
1191663,100060,-10,5.0,0.0,Completed,0,0
2794143,100011,-14,30.0,4.0,Active,0,0
1516108,100044,-10,6.0,3.0,Active,0,0
2299329,100006,-14,5.0,0.0,Active,0,0
1562063,100017,-16,24.0,20.0,Active,0,0
2803221,100045,-39,14.0,4.0,Active,0,0
1944776,100054,-31,12.0,2.0,Active,0,0
1168900,100051,-13,24.0,19.0,Active,0,0
1516108,100044,-7,6.0,0.0,Completed,0,0
1461079,100014,-26,12.0,10.0,Active,0,0
1366912,100048,-2,18.0,10.0,Active,0,0
2803221,100045,-44,14.0,9.0,Active,0,0
2572058,100053,-17,24.0,20.0,Active,0,0
2299329,100006,-18,12.0,11.0,Active,0,0
2835799,100025,-34,18.0,17.0,Active,0,0
2218188,100008,-8,10.0,5.0,Active,0,0
1413109,100009,-10,12.0,8.0,Active,0,0
2572058,100053,-11,10.0,0.0,Active,0,0
1251951,100018,-3,10.0,7.0,Active,0,0
2001242,100007,-14,17.0,3.0,Active,0,0
2001242,100007,-11,17.0,0.0,Completed,0,0
2572058,100053,-10,10.0,0.0,Completed,0,0
2803221,100045,-42,14.0,7.0,Active,0,0
1194857,100061,-21,30.0,28.0,Active,0,0
2480304,100012,-9,18.0,10.0,Active,0,0
1176822,100018,-48,12.0,6.0,Active,0,0
2794143,100011,-23,30.0,13.0,Active,0,0
2480304,100012,-11,18.0,12.0,Active,0,0
1212261,100053,-11,12.0,12.0,Active,0,0
1223113,100046,-15,18.0,16.0,Active,0,0
1670175,100035,-34,18.0,5.0,Active,0,0
1515914,100016,-72,12.0,6.0,Active,0,0
1514328,100032,-48,6.0,5.0,Active,0,0
2662898,100029,-11,6.0,6.0,Active,0,0
1027737,100015,-74,10.0,5.0,Active,0,0
1485871,100021,-18,6.0,4.0,Active,0,0
1597345,100016,-87,10.0,0.0,Active,0,0
1562063,100017,-18,24.0,22.0,Active,0,0
1027737,100015,-76,10.0,7.0,Active,0,0
2769249,100017,-76,10.0,6.0,Active,0,0
1413109,100009,-7,12.0,5.0,Active,0,0
2164190,100012,-20,24.0,16.0,Active,0,0
1229670,100059,-15,3.0,0.0,Completed,0,0
1950847,100061,-43,12.0,3.0,Active,0,0
1748547,100062,-2,48.0,40.0,Active,0,0
2411919,100023,-57,14.0,10.0,Active,0,0
1198431,100035,-56,12.0,10.0,Active,0,0
2454202,100023,-7,24.0,22.0,Active,0,0
1194857,100061,-11,30.0,18.0,Active,0,0
1692033,100007,-7,24.0,19.0,Active,0,0
2396755,100003,-67,12.0,2.0,Active,0,0
2396755,100003,-72,12.0,7.0,Active,0,0
1143325,100030,-92,1.0,0.0,Active,0,0
1564014,100004,-25,4.0,2.0,Active,0,0
1772508,100026,-13,2.0,0.0,Active,0,0
2001242,100007,-23,18.0,13.0,Active,0,0
2052027,100045,-15,36.0,17.0,Active,0,0
1219930,100035,-63,6.0,1.0,Active,0,0
1194857,100061,-10,30.0,17.0,Active,0,0
1811514,100027,-4,12.0,0.0,Active,0,0
1528842,100061,-16,24.0,14.0,Active,0,0
1191663,100060,-14,36.0,35.0,Active,0,0
1131053,100023,-76,8.0,4.0,Active,0,0
1223113,100046,-13,18.0,14.0,Active,0,0
1077565,100039,-16,42.0,35.0,Active,0,0
1514918,100049,-43,10.0,4.0,Active,0,0
1182112,100049,-3,12.0,1.0,Active,0,0
1772508,100026,-12,2.0,0.0,Completed,0,0
2462742,100007,-53,12.0,7.0,Active,0,0
1528842,100061,-22,24.0,20.0,Active,0,0
2164190,100012,-10,24.0,6.0,Active,0,0
2119973,100007,-76,10.0,9.0,Active,0,0
2339761,100063,-18,36.0,30.0,Active,0,0
2052027,100045,-12,36.0,14.0,Active,0,0
1038818,100002,-18,24.0,23.0,Active,0,0
2384838,100037,-14,12.0,8.0,Active,0,0
1223113,100046,-8,18.0,9.0,Active,0,0
1223113,100046,-6,18.0,7.0,Active,0,0
2794143,100011,-21,30.0,11.0,Active,0,0
2492683,100043,-15,26.0,0.0,Active,0,0
2243829,100012,-48,12.0,2.0,Active,0,0
1366912,100048,-6,18.0,14.0,Active,0,0
2824473,100016,-43,24.0,23.0,Active,0,0
2449573,100035,-51,7.0,5.0,Active,0,0
2299329,100006,-19,12.0,12.0,Active,0,0
2454202,100023,-8,24.0,23.0,Active,0,0
1692033,100007,-12,24.0,24.0,Active,0,0
1528842,100061,-13,24.0,11.0,Active,0,0
1193310,100009,-45,6.0,2.0,Active,0,0
2794143,100011,-24,30.0,14.0,Active,0,0
2794143,100011,-15,30.0,5.0,Active,0,0
2803221,100045,-45,14.0,10.0,Active,0,0
1252218,100026,-46,6.0,5.0,Active,0,0
1560053,100049,-75,12.0,7.0,Active,0,0
2396755,100003,-71,12.0,6.0,Active,0,0
1359598,100009,-90,5.0,0.0,Active,0,0
1042128,100040,-95,4.0,0.0,Completed,0,0
2572058,100053,-12,24.0,15.0,Active,0,0
2824473,100016,-33,24.0,13.0,Active,0,0
2001242,100007,-12,17.0,1.0,Active,0,0
1907290,100008,-68,10.0,1.0,Active,0,0
1176822,100018,-51,12.0,9.0,Active,0,0
1461368,100040,-24,24.0,14.0,Active,0,0
2794143,100011,-33,30.0,24.0,Active,0,0
1186888,100008,-82,6.0,5.0,Active,0,0
2164190,100012,-17,24.0,13.0,Active,0,0
2164190,100012,-12,24.0,8.0,Active,0,0
2164190,100012,-6,24.0,2.0,Active,0,0
1874778,100056,-45,54.0,28.0,Active,0,0
2500673,100035,-22,24.0,21.0,Active,0,0
2052027,100045,-25,36.0,27.0,Active,0,0
1176822,100018,-52,12.0,10.0,Active,0,0
2305060,100041,-45,12.0,8.0,Active,0,0
1944776,100054,-32,12.0,3.0,Active,0,0
2305060,100041,-37,12.0,0.0,Active,25,0
2824473,100016,-38,24.0,18.0,Active,0,0
1748547,100062,-10,48.0,48.0,Active,0,0
2078043,100006,-5,1.0,0.0,Active,0,0
1366912,100048,-10,18.0,18.0,Active,0,0
1940724,100007,-24,12.0,0.0,Completed,0,0
1811514,100027,-6,12.0,3.0,Active,0,0
1515914,100016,-74,12.0,8.0,Active,0,0
1515914,100016,-68,12.0,2.0,Active,0,0
1514918,100049,-44,10.0,5.0,Active,0,0
1973524,100021,-87,6.0,1.0,Active,0,0
2305060,100041,-38,12.0,1.0,Active,0,0
2001242,100007,-17,17.0,6.0,Active,0,0
2305060,100041,-43,12.0,6.0,Active,0,0
1390369,100034,-15,5.0,0.0,Completed,0,0
1670175,100035,-46,18.0,17.0,Active,0,0
1515914,100016,-76,12.0,10.0,Active,0,0
1182112,100049,-12,12.0,10.0,Active,0,0
1430602,100011,-74,12.0,3.0,Active,9,9
1194857,100061,-8,30.0,15.0,Active,0,0
1288446,100045,-85,6.0,0.0,Completed,0,0
2824473,100016,-42,24.0,22.0,Active,0,0
2572058,100053,-13,24.0,16.0,Active,0,0
2063227,100044,-48,48.0,46.0,Active,0,0
1845713,100040,-93,6.0,2.0,Active,0,0
1564014,100004,-24,3.0,0.0,Completed,0,0
2305060,100041,-44,12.0,7.0,Active,0,0
1597345,100016,-95,10.0,7.0,Active,0,0
2396755,100003,-70,12.0,5.0,Active,0,0
2339761,100063,-19,36.0,31.0,Active,0,0
2339761,100063,-20,36.0,32.0,Active,0,0
2119973,100007,-77,10.0,10.0,Active,0,0
2164190,100012,-9,24.0,5.0,Active,0,0
1077565,100039,-15,8.0,0.0,Active,0,0
2164190,100012,-13,24.0,9.0,Active,0,0
1597345,100016,-96,10.0,8.0,Active,0,0
2063227,100044,-42,48.0,40.0,Active,0,0
1814975,100054,-27,12.0,11.0,Active,0,0
1359598,100009,-94,5.0,2.0,Active,0,0
1223113,100046,-12,18.0,13.0,Active,0,0
1692033,100007,-11,24.0,23.0,Active,0,0
2447872,100027,-20,10.0,4.0,Active,0,0
1811514,100027,-7,12.0,4.0,Active,0,0
2339761,100063,-24,36.0,36.0,Active,0,0
2384838,100037,-13,12.0,7.0,Active,0,0
2119973,100007,-74,10.0,7.0,Active,0,0
1528842,100061,-21,24.0,19.0,Active,0,0
1035321,100047,-77,10.0,0.0,Active,0,0
2339761,100063,-11,36.0,23.0,Active,0,0
1811514,100027,-5,12.0,2.0,Active,0,0
1811514,100027,-12,12.0,9.0,Active,0,0
2396755,100003,-68,12.0,3.0,Active,0,0
1334240,100037,-51,5.0,0.0,Completed,0,0
1636219,100056,-92,12.0,12.0,Active,0,0
2425354,100035,-39,12.0,12.0,Active,0,0
1548007,100061,-39,12.0,11.0,Active,0,0
2425354,100035,-34,12.0,7.0,Active,0,0
2063227,100044,-40,48.0,38.0,Active,0,0
1194857,100061,-22,30.0,29.0,Active,0,0
2426800,100047,-47,10.0,9.0,Active,0,0
2425354,100035,-38,12.0,11.0,Active,0,0
1548007,100061,-36,12.0,8.0,Active,0,0
2425354,100035,-32,12.0,5.0,Active,0,0
1194857,100061,-18,30.0,25.0,Active,0,0
1485871,100021,-17,3.0,0.0,Completed,0,0
2769249,100017,-74,10.0,4.0,Active,0,0
1223113,100046,-9,18.0,10.0,Active,0,0
1636219,100056,-88,12.0,8.0,Active,0,0
1461368,100040,-33,24.0,23.0,Active,0,0
1907290,100008,-73,10.0,6.0,Active,0,0
2164190,100012,-26,24.0,22.0,Active,0,0
1597345,100016,-94,10.0,6.0,Active,0,0
2449573,100035,-47,7.0,1.0,Active,0,0
2299329,100006,-20,,,Returned to the store,0,0
1189316,100025,-40,18.0,2.0,Active,0,0
1670175,100035,-31,18.0,2.0,Active,0,0
2425354,100035,-37,12.0,10.0,Active,0,0
1670175,100035,-38,18.0,9.0,Active,0,0
1874778,100056,-22,54.0,4.0,Active,0,0
1027737,100015,-73,10.0,4.0,Active,0,0
1496284,100039,-76,4.0,1.0,Active,0,0
1185699,100043,-76,8.0,5.0,Active,0,0
1496284,100039,-77,4.0,2.0,Active,0,0
1874778,100056,-23,54.0,6.0,Active,0,0
2001242,100007,-24,18.0,14.0,Active,0,0
1562063,100017,-12,24.0,16.0,Active,0,0
2480304,100012,-6,18.0,7.0,Active,0,0
1923010,100037,-81,6.0,1.0,Active,0,0
1137041,100044,-73,18.0,5.0,Active,0,0
1189316,100025,-46,18.0,8.0,Active,0,0
2052027,100045,-10,36.0,12.0,Active,0,0
2052027,100045,-18,36.0,20.0,Active,0,0
2094741,100059,-15,12.0,11.0,Active,0,0
2001242,100007,-18,17.0,7.0,Active,0,0
2078043,100006,-6,48.0,48.0,Active,0,0
1709863,100036,-12,12.0,11.0,Active,0,0
1366912,100048,-7,18.0,15.0,Active,0,0
1193310,100009,-46,6.0,3.0,Active,0,0
1786922,100041,-86,6.0,4.0,Active,0,0
1251047,100016,-34,24.0,23.0,Active,0,0
1562063,100017,-9,24.0,13.0,Active,0,0
2449573,100035,-52,7.0,6.0,Active,0,0
1814975,100054,-28,12.0,12.0,Active,0,0
1182112,100049,-5,12.0,3.0,Active,0,0
1874778,100056,-40,54.0,23.0,Active,0,0
2440070,100061,-32,3.0,0.0,Completed,0,0
1193310,100009,-44,6.0,1.0,Active,0,0
2001242,100007,-13,17.0,2.0,Active,0,0
1874778,100056,-21,54.0,3.0,Active,0,0
1029269,100039,-59,6.0,6.0,Active,0,0
1528842,100061,-7,24.0,5.0,Active,0,0
2613879,100008,-16,30.0,25.0,Active,0,0
1366913,100048,-13,18.0,16.0,Active,0,0
2349489,100010,-27,10.0,2.0,Active,0,0
1845713,100040,-90,6.0,0.0,Active,0,0
2384838,100037,-12,12.0,6.0,Active,0,0
1923010,100037,-82,6.0,2.0,Active,0,0
1176822,100018,-43,12.0,1.0,Active,0,0
1811514,100027,-8,12.0,4.0,Active,0,0
2339761,100063,-12,36.0,24.0,Active,0,0
1810518,100003,-21,12.0,8.0,Active,0,0
1212261,100053,-5,12.0,6.0,Active,0,0
2426800,100047,-42,24.0,4.0,Active,0,0
2411919,100023,-50,14.0,3.0,Active,0,0
2339761,100063,-14,36.0,25.0,Active,0,0
2492683,100043,-19,60.0,38.0,Active,0,0
1223113,100046,-3,18.0,3.0,Active,0,0
1548007,100061,-30,12.0,2.0,Active,0,0
2454202,100023,-6,24.0,21.0,Active,0,0
1194857,100061,-12,30.0,19.0,Active,0,0
1366913,100048,-10,5.0,0.0,Completed,0,0
2384838,100037,-9,12.0,3.0,Active,0,0
2384838,100037,-15,12.0,9.0,Active,0,0
2803221,100045,-47,14.0,12.0,Active,0,0
2134202,100055,-19,12.0,6.0,Active,0,0
1131053,100023,-74,8.0,2.0,Active,0,0
1271192,100025,-66,6.0,4.0,Active,0,0
2164190,100012,-8,24.0,4.0,Active,0,0
1845713,100040,-89,6.0,0.0,Active,0,0
1528842,100061,-18,24.0,16.0,Active,0,0
1191663,100060,-15,36.0,36.0,Active,0,0
1514328,100032,-47,6.0,4.0,Active,0,0
1194857,100061,-6,30.0,13.0,Active,0,0
1692033,100007,-2,24.0,14.0,Active,0,0
2604720,100035,-25,2.0,0.0,Completed,0,0
1620327,100019,-27,12.0,8.0,Active,0,0
1191663,100060,-13,36.0,34.0,Active,0,0
1950847,100061,-50,12.0,11.0,Active,0,0
1923010,100037,-80,6.0,0.0,Active,0,0
1528842,100061,-11,24.0,9.0,Active,0,0
2384838,100037,-18,12.0,12.0,Active,0,0
2037234,100033,-28,12.0,12.0,Active,0,0
2421381,100009,-22,6.0,1.0,Active,0,0
1029269,100039,-56,6.0,3.0,Active,0,0
1186888,100008,-78,6.0,1.0,Active,0,0
2411919,100023,-54,14.0,7.0,Active,0,0
2769249,100017,-75,10.0,5.0,Active,0,0
2119973,100007,-75,10.0,8.0,Active,0,0
2480304,100012,-15,18.0,16.0,Active,0,0
2803221,100045,-43,14.0,8.0,Active,0,0
2384838,100037,-17,12.0,11.0,Active,0,0
2305060,100041,-36,12.0,0.0,Completed,0,0
2299329,100006,-16,12.0,9.0,Active,0,0
1191663,100060,-12,36.0,33.0,Active,0,0
2411919,100023,-55,14.0,8.0,Active,0,0
1029269,100039,-57,6.0,4.0,Active,0,0
1874778,100056,-26,54.0,9.0,Active,0,0
2480304,100012,-5,12.0,0.0,Completed,0,0
1786922,100041,-84,6.0,2.0,Active,0,0
2052027,100045,-13,36.0,15.0,Active,0,0
1528842,100061,-10,24.0,8.0,Active,0,0
1905091,100035,-24,24.0,24.0,Active,0,0
1845713,100040,-87,6.0,0.0,Active,0,0
1131053,100023,-75,8.0,3.0,Active,0,0
1845713,100040,-94,6.0,3.0,Active,0,0
2314167,100045,-56,16.0,10.0,Active,0,0
1709863,100036,-8,12.0,7.0,Active,0,0
2349489,100010,-26,10.0,1.0,Active,0,0
1548007,100061,-28,12.0,0.0,Completed,0,0
1239349,100025,-24,18.0,13.0,Active,0,0
1252218,100026,-44,6.0,3.0,Active,0,0
1186888,100008,-77,6.0,0.0,Completed,0,0
1223113,100046,-5,18.0,6.0,Active,0,0
1692033,100007,-4,24.0,16.0,Active,0,0
1252218,100026,-41,6.0,0.0,Completed,0,0
1940724,100007,-33,12.0,9.0,Active,0,0
1359598,100009,-92,5.0,0.0,Active,0,0
2794143,100011,-26,30.0,16.0,Active,0,0
1514918,100049,-40,10.0,1.0,Active,0,0
2164190,100012,-5,23.0,0.0,Completed,0,0
2314167,100045,-54,16.0,8.0,Active,0,0
1528842,100061,-6,24.0,4.0,Active,0,0
2411919,100023,-53,14.0,6.0,Active,0,0
1560053,100049,-78,12.0,10.0,Active,0,0
1430602,100011,-80,12.0,9.0,Active,0,0
1786922,100041,-83,6.0,1.0,Active,0,0
1143325,100030,-90,1.0,0.0,Active,0,0
2052027,100045,-14,36.0,16.0,Active,0,0
1772508,100026,-15,36.0,36.0,Active,0,0
2492683,100043,-29,60.0,49.0,Active,0,0
1251047,100016,-23,24.0,12.0,Active,0,0
2134202,100055,-14,12.0,1.0,Active,0,0
1112703,100009,-43,10.0,2.0,Active,0,0
1232720,100049,-20,6.0,6.0,Active,0,0
1284590,100063,-11,4.0,0.0,Active,0,0
2662898,100029,-7,4.0,0.0,Active,0,0
1212261,100053,-1,12.0,2.0,Active,0,0
2164190,100012,-23,24.0,19.0,Active,0,0
1176822,100018,-44,12.0,2.0,Active,0,0
2425354,100035,-31,12.0,4.0,Active,0,0
1284590,100063,-12,12.0,9.0,Active,0,0
1940724,100007,-26,12.0,2.0,Active,0,0
2078043,100006,-4,1.0,0.0,Completed,0,0
1035321,100047,-80,10.0,3.0,Active,0,0
2384838,100037,-8,12.0,2.0,Active,0,0
1845713,100040,-91,6.0,0.0,Active,0,0
2500673,100035,-24,24.0,23.0,Active,0,0
1514328,100032,-46,6.0,3.0,Active,0,0
2001242,100007,-19,17.0,8.0,Active,0,0
1027737,100015,-69,10.0,0.0,Completed,0,0
1366912,100048,-4,18.0,12.0,Active,0,0
1143325,100030,-86,1.0,0.0,Completed,0,0
2052027,100045,-23,36.0,25.0,Active,0,0
2083316,100063,-33,2.0,0.0,Completed,0,0
2396755,100003,-76,12.0,11.0,Active,0,0
2803221,100045,-48,14.0,13.0,Active,0,0
1176822,100018,-53,12.0,11.0,Active,0,0
1390369,100034,-20,6.0,6.0,Active,0,0
1035321,100047,-81,10.0,4.0,Active,0,0
1907290,100008,-74,10.0,7.0,Active,0,0
2492683,100043,-25,60.0,44.0,Active,0,0
1223113,100046,-7,18.0,8.0,Active,0,0
2001242,100007,-26,18.0,16.0,Active,0,0
1874778,100056,-25,54.0,8.0,Active,0,0
1885254,100059,-8,48.0,45.0,Active,0,0
1182112,100049,-6,12.0,4.0,Active,0,0
1692033,100007,-8,24.0,20.0,Active,0,0
2447872,100027,-17,10.0,1.0,Active,0,0
1950847,100061,-51,12.0,12.0,Active,0,0
2396755,100003,-69,12.0,4.0,Active,0,0
1143325,100030,-88,1.0,0.0,Active,0,0
1748547,100062,-7,48.0,45.0,Active,0,0
2794143,100011,-13,30.0,3.0,Active,0,0
2572058,100053,-21,24.0,24.0,Active,0,0
2492683,100043,-27,60.0,47.0,Active,0,0
1294812,100020,-14,6.0,4.0,Active,0,0
1620327,100019,-30,12.0,11.0,Active,0,0
1905091,100035,-22,24.0,22.0,Active,0,0
1907290,100008,-75,10.0,8.0,Active,0,0
2794143,100011,-19,30.0,9.0,Active,0,0
1182112,100049,-11,12.0,9.0,Active,0,0
1198431,100035,-52,12.0,6.0,Active,0,0
1271192,100025,-67,6.0,5.0,Active,0,0
1239349,100025,-23,18.0,12.0,Active,0,0
1670175,100035,-40,18.0,11.0,Active,0,0
1923010,100037,-84,6.0,4.0,Active,0,0
2794143,100011,-30,30.0,21.0,Active,0,0
2218188,100008,-5,10.0,2.0,Active,0,0
2218188,100008,-4,10.0,1.0,Active,0,0
1748547,100062,-5,48.0,43.0,Active,0,0
2411919,100023,-56,14.0,9.0,Active,0,0
2462742,100007,-56,12.0,10.0,Active,0,0
2604720,100035,-27,12.0,12.0,Active,0,0
1239349,100025,-25,18.0,14.0,Active,0,0
1252218,100026,-45,6.0,4.0,Active,0,0
1212261,100053,-6,12.0,7.0,Active,0,0
1185699,100043,-75,8.0,4.0,Active,0,0
2572058,100053,-18,24.0,21.0,Active,0,0
2305060,100041,-46,12.0,9.0,Active,0,0
1212261,100053,-4,12.0,5.0,Active,0,0
1562063,100017,-10,24.0,14.0,Active,0,0
1187878,100034,-7,6.0,3.0,Active,0,0
2052027,100045,-33,36.0,35.0,Active,0,0
2339761,100063,-22,36.0,34.0,Active,0,0
1528842,100061,-20,24.0,18.0,Active,0,0
1528842,100061,-4,24.0,2.0,Active,0,0
1801140,100043,-1,48.0,48.0,Active,0,0
1874778,100056,-18,54.0,0.0,Active,0,0
1874778,100056,-27,54.0,10.0,Active,0,0
1112703,100009,-44,10.0,3.0,Active,0,0
1811514,100027,-13,12.0,10.0,Active,0,0
1366913,100048,-11,18.0,14.0,Active,0,0
1366912,100048,-5,18.0,13.0,Active,0,0
1810518,100003,-20,12.0,7.0,Active,0,0
1189316,100025,-41,18.0,3.0,Active,0,0
2164190,100012,-19,24.0,15.0,Active,0,0
2500673,100035,-21,5.0,1.0,Active,0,0
1973524,100021,-90,6.0,4.0,Active,0,0
1077565,100039,-23,42.0,42.0,Active,0,0
1229670,100059,-16,12.0,10.0,Active,0,0
1515914,100016,-73,12.0,7.0,Active,0,0
1636219,100056,-87,12.0,7.0,Active,0,0
1366912,100048,-1,18.0,9.0,Active,0,0
2164190,100012,-21,24.0,17.0,Active,0,0
1112703,100009,-48,10.0,7.0,Active,0,0
1845713,100040,-88,6.0,0.0,Active,0,0
2492683,100043,-20,60.0,39.0,Active,0,0
1239349,100025,-26,18.0,15.0,Active,0,0
2704445,100018,-26,7.0,0.0,Completed,0,0
2769249,100017,-77,10.0,7.0,Active,0,0
2305060,100041,-42,12.0,5.0,Active,0,0
1973524,100021,-89,6.0,3.0,Active,0,0
2339761,100063,-13,36.0,25.0,Active,0,0
2001242,100007,-22,17.0,11.0,Active,0,0
1515914,100016,-69,12.0,3.0,Active,0,0
1223113,100046,-2,18.0,2.0,Active,0,0
1692033,100007,-1,24.0,13.0,Active,0,0
2636178,100003,-24,6.0,2.0,Active,0,0
1271192,100025,-65,6.0,3.0,Active,0,0
2613879,100008,-21,30.0,30.0,Active,0,0
1885254,100059,-6,48.0,43.0,Active,0,0
1973524,100021,-88,6.0,2.0,Active,0,0
2492683,100043,-28,60.0,48.0,Active,0,0
1143325,100030,-89,1.0,0.0,Active,0,0
1251047,100016,-30,24.0,19.0,Active,0,0
1194857,100061,-17,30.0,24.0,Active,0,0
1322806,100062,-15,12.0,12.0,Active,0,0
2794143,100011,-25,30.0,15.0,Active,0,0
1112703,100009,-46,10.0,5.0,Active,0,0
1636219,100056,-89,12.0,9.0,Active,0,0
1194857,100061,-16,30.0,23.0,Active,0,0
2339761,100063,-2,36.0,13.0,Active,0,0
1940724,100007,-28,12.0,4.0,Active,0,0
1223113,100046,-1,18.0,1.0,Active,0,0
1194857,100061,-4,30.0,11.0,Active,0,0
2604720,100035,-26,12.0,11.0,Active,0,0
2462742,100007,-55,12.0,9.0,Active,0,0
2119973,100007,-69,10.0,2.0,Active,0,0
1035321,100047,-79,10.0,2.0,Active,0,0
1845713,100040,-92,6.0,1.0,Active,0,0
1035321,100047,-84,10.0,7.0,Active,0,0
1907290,100008,-76,10.0,9.0,Active,0,0
1176822,100018,-50,12.0,8.0,Active,0,0
2480304,100012,-17,18.0,18.0,Active,0,0
1042128,100040,-96,4.0,1.0,Active,0,0
2824473,100016,-44,24.0,24.0,Active,0,0
2492683,100043,-26,60.0,45.0,Active,0,0
2396755,100003,-73,12.0,8.0,Active,0,0
2492683,100043,-30,60.0,50.0,Active,0,0
2134202,100055,-15,12.0,2.0,Active,0,0
2384838,100037,-7,11.0,0.0,Completed,0,0
2339761,100063,-7,36.0,18.0,Active,3,3
2063227,100044,-30,20.0,0.0,Completed,0,0
1359598,100009,-93,5.0,1.0,Active,0,0
1514918,100049,-45,10.0,6.0,Active,0,0
1950847,100061,-48,12.0,8.0,Active,0,0
1528842,100061,-17,24.0,15.0,Active,0,0
2164190,100012,-16,24.0,12.0,Active,0,0
1239349,100025,-29,18.0,18.0,Active,0,0
2425354,100035,-27,12.0,0.0,Completed,0,0
1334240,100037,-52,5.0,1.0,Active,0,0
1548007,100061,-29,12.0,1.0,Active,0,0
1950847,100061,-41,12.0,1.0,Active,3,3
1112703,100009,-45,10.0,4.0,Active,0,0
1232720,100049,-15,6.0,1.0,Active,0,0
1112703,100009,-47,10.0,6.0,Active,0,0
1940724,100007,-25,12.0,1.0,Active,0,0
1923010,100037,-83,6.0,3.0,Active,0,0
1950847,100061,-49,12.0,10.0,Active,0,0
1845713,100040,-86,6.0,0.0,Completed,0,0
1973524,100021,-92,6.0,6.0,Active,0,0
1366913,100048,-14,18.0,17.0,Active,0,0
1168900,100051,-16,24.0,22.0,Active,0,0
1885254,100059,-5,48.0,42.0,Active,0,0
2314167,100045,-57,16.0,11.0,Active,0,0
1973524,100021,-91,6.0,5.0,Active,0,0
2001242,100007,-16,17.0,5.0,Active,0,0
1636219,100056,-84,12.0,4.0,Active,0,0
2835799,100025,-29,6.0,0.0,Completed,0,0
2462742,100007,-52,12.0,6.0,Active,0,0
1198431,100035,-51,12.0,5.0,Active,0,0
1187878,100034,-10,6.0,6.0,Active,0,0
2052027,100045,-11,36.0,13.0,Active,0,0
2803221,100045,-46,14.0,11.0,Active,0,0
1271192,100025,-68,6.0,6.0,Active,0,0
1252218,100026,-47,6.0,6.0,Active,0,0
1786922,100041,-82,6.0,0.0,Completed,0,0
1496284,100039,-79,4.0,4.0,Active,0,0
1907290,100008,-70,10.0,3.0,Active,0,0
1219930,100035,-68,6.0,6.0,Active,0,0
1516108,100044,-13,6.0,6.0,Active,0,0
2421381,100009,-24,6.0,3.0,Active,0,0
1029269,100039,-55,6.0,2.0,Active,0,0
1430602,100011,-83,12.0,12.0,Active,0,0
1636219,100056,-91,12.0,11.0,Active,0,0
1143325,100030,-91,1.0,0.0,Active,0,0
2052027,100045,-32,36.0,34.0,Active,0,0
2500673,100035,-23,24.0,22.0,Active,0,0
2063227,100044,-32,48.0,30.0,Active,0,0
2492683,100043,-31,60.0,51.0,Active,0,0
2083316,100063,-34,24.0,23.0,Active,0,0
1845095,100052,-11,6.0,2.0,Active,0,0
1548007,100061,-32,12.0,4.0,Active,0,0
1194857,100061,-20,30.0,27.0,Active,0,0
1185699,100043,-72,8.0,0.0,Active,0,0
2164190,100012,-25,24.0,21.0,Active,0,0
1514918,100049,-42,10.0,3.0,Active,0,0
1950847,100061,-47,12.0,8.0,Active,0,0
1528842,100061,-26,24.0,24.0,Active,0,0
2835799,100025,-30,18.0,13.0,Active,0,0
2164190,100012,-27,24.0,23.0,Active,0,0
1143325,100030,-93,1.0,1.0,Active,0,0
1516108,100044,-12,6.0,5.0,Active,0,0
2613879,100008,-15,30.0,24.0,Active,0,0
1251047,100016,-31,24.0,20.0,Active,0,0
1359598,100009,-87,5.0,0.0,Completed,0,0
2794143,100011,-32,30.0,23.0,Active,0,0
1294812,100020,-16,6.0,6.0,Active,0,0
1845095,100052,-13,6.0,4.0,Active,0,0
2052027,100045,-9,25.0,0.0,Completed,0,0
2824473,100016,-36,24.0,16.0,Active,0,0
1430602,100011,-81,12.0,10.0,Active,0,0
1185699,100043,-73,8.0,1.0,Active,0,0
2425547,100021,-26,12.0,10.0,Active,0,0
1430602,100011,-79,12.0,8.0,Active,0,0
1636219,100056,-90,12.0,10.0,Active,0,0
1810518,100003,-19,12.0,6.0,Active,0,0
1810518,100003,-24,12.0,11.0,Active,0,0
1973524,100021,-86,6.0,0.0,Active,0,0
2001242,100007,-15,17.0,4.0,Active,0,0
2794143,100011,-28,30.0,19.0,Active,0,0
2052027,100045,-26,36.0,28.0,Active,0,0
2340827,100063,-45,18.0,2.0,Active,0,0
1461368,100040,-27,24.0,17.0,Active,0,0
2340827,100063,-46,18.0,3.0,Active,0,0
2349489,100010,-29,10.0,4.0,Active,0,0
1035321,100047,-82,10.0,5.0,Active,0,0
1027737,100015,-71,10.0,2.0,Active,13,13
1239349,100025,-28,18.0,17.0,Active,0,0
1620327,100019,-28,12.0,9.0,Active,0,0
1748547,100062,-4,48.0,42.0,Active,0,0
1515914,100016,-71,12.0,5.0,Active,0,0
1514328,100032,-49,6.0,6.0,Active,0,0
2037234,100033,-19,12.0,2.0,Active,0,0
2500673,100035,-20,5.0,0.0,Completed,0,0
2052027,100045,-17,36.0,19.0,Active,0,0
1814975,100054,-18,12.0,2.0,Active,0,0
1198431,100035,-53,12.0,7.0,Active,0,0
1636219,100056,-86,12.0,6.0,Active,0,0
2492683,100043,-17,60.0,36.0,Active,0,0
1186888,100008,-80,6.0,3.0,Active,0,0
1077565,100039,-17,42.0,36.0,Active,0,0
1284590,100063,-14,12.0,11.0,Active,0,0
1461079,100014,-24,12.0,8.0,Active,0,0
1786922,100041,-85,6.0,3.0,Active,0,0
1288446,100045,-86,6.0,0.0,Active,0,0
2500673,100035,-25,24.0,24.0,Active,0,0
2243464,100050,-14,24.0,22.0,Active,0,0
2218188,100008,-6,10.0,3.0,Active,0,0
2134202,100055,-22,12.0,9.0,Active,0,0
2339761,100063,-6,36.0,17.0,Active,0,0
1251047,100016,-28,24.0,17.0,Active,0,0
1251047,100016,-29,24.0,18.0,Active,0,0
2794143,100011,-27,30.0,17.0,Active,0,0
1168900,100051,-15,24.0,21.0,Active,0,0
1562063,100017,-13,24.0,17.0,Active,0,0
1035321,100047,-78,10.0,1.0,Active,0,0
1528842,100061,-3,24.0,1.0,Active,0,0
1564014,100004,-27,4.0,4.0,Active,0,0
2636178,100003,-26,6.0,4.0,Active,0,0
1940724,100007,-27,12.0,3.0,Active,0,0
1940724,100007,-29,12.0,5.0,Active,0,0
2339761,100063,-8,36.0,19.0,Active,2,2
1035321,100047,-83,10.0,6.0,Active,0,0
2492683,100043,-35,60.0,55.0,Active,0,0
2134202,100055,-23,12.0,10.0,Active,0,0
1944776,100054,-41,12.0,12.0,Active,0,0
1194857,100061,-19,30.0,26.0,Active,0,0
1038818,100002,-17,24.0,22.0,Active,0,0
2447872,100027,-23,10.0,7.0,Active,0,0
2218188,100008,-11,10.0,9.0,Active,0,0
2492683,100043,-16,60.0,35.0,Active,0,0
1528842,100061,-25,24.0,23.0,Active,0,0
1182112,100049,-14,12.0,12.0,Active,0,0
1560053,100049,-76,12.0,8.0,Active,0,0
2411919,100023,-52,14.0,5.0,Active,0,0
2447872,100027,-16,10.0,0.0,Completed,0,0
2339761,100063,-5,36.0,16.0,Active,0,0
1670175,100035,-30,18.0,1.0,Active,0,0
1907290,100008,-77,10.0,10.0,Active,0,0
1814975,100054,-20,12.0,4.0,Active,0,0
1548007,100061,-31,12.0,3.0,Active,0,0
2462742,100007,-54,12.0,8.0,Active,0,0
1194857,100061,-23,30.0,30.0,Active,0,0
2396755,100003,-74,12.0,9.0,Active,0,0
1907290,100008,-69,10.0,2.0,Active,0,0
2094741,100059,-14,2.0,0.0,Completed,0,0
1845095,100052,-14,6.0,5.0,Active,0,0
1717648,100052,-9,6.0,5.0,Active,0,0
1548007,100061,-34,12.0,6.0,Active,0,0
2425354,100035,-30,12.0,3.0,Active,0,0
2492683,100043,-32,60.0,52.0,Active,0,0
2492683,100043,-22,60.0,41.0,Active,0,0
1413109,100009,-8,12.0,6.0,Active,0,0
2447872,100027,-19,10.0,3.0,Active,0,0
1223113,100046,-16,18.0,17.0,Active,0,0
1198431,100035,-54,12.0,8.0,Active,0,0
1187878,100034,-8,6.0,4.0,Active,0,0
1294812,100020,-12,6.0,2.0,Active,0,0
2314167,100045,-55,16.0,9.0,Active,0,0
1528842,100061,-23,24.0,21.0,Active,0,0
2447872,100027,-22,10.0,6.0,Active,0,0
1322806,100062,-16,,,Signed,0,0
2218188,100008,-10,10.0,7.0,Active,0,0
1168900,100051,-18,24.0,24.0,Active,0,0
1810518,100003,-18,7.0,0.0,Completed,0,0
2824473,100016,-37,24.0,17.0,Active,0,0
2037234,100033,-22,12.0,6.0,Active,29,0
2769249,100017,-70,10.0,0.0,Completed,0,0
1548007,100061,-35,12.0,7.0,Active,0,0
2094741,100059,-16,12.0,12.0,Active,0,0
2052027,100045,-20,36.0,22.0,Active,0,0
1461368,100040,-32,24.0,22.0,Active,0,0
1461368,100040,-30,24.0,20.0,Active,0,0
2832301,100055,-11,6.0,6.0,Active,0,0
2803221,100045,-37,14.0,2.0,Active,0,0
1186888,100008,-79,6.0,2.0,Active,0,0
2052027,100045,-30,36.0,32.0,Active,0,0
1670175,100035,-47,18.0,18.0,Active,0,0
1334240,100037,-54,5.0,3.0,Active,0,0
2421381,100009,-23,6.0,2.0,Active,0,0
1940724,100007,-36,12.0,12.0,Signed,0,0
2425354,100035,-28,12.0,1.0,Active,0,0
2426800,100047,-46,24.0,8.0,Active,0,0
1940724,100007,-31,12.0,7.0,Active,0,0
1874778,100056,-43,54.0,26.0,Active,0,0
2243829,100012,-52,9.0,6.0,Active,0,0
1874778,100056,-47,54.0,30.0,Active,0,0
1874778,100056,-60,54.0,43.0,Active,0,0
1874778,100056,-48,54.0,31.0,Active,0,0
2349489,100010,-31,10.0,6.0,Active,0,0
2349489,100010,-32,10.0,7.0,Active,0,0
1461368,100040,-34,24.0,24.0,Active,0,0
1874778,100056,-42,54.0,25.0,Active,0,0
2052027,100045,-28,36.0,30.0,Active,0,0
2613879,100008,-18,30.0,27.0,Active,0,0
1288446,100045,-90,6.0,5.0,Active,0,0
2426800,100047,-43,24.0,5.0,Active,0,0
2052027,100045,-22,36.0,24.0,Active,0,0
1940724,100007,-34,12.0,10.0,Active,0,0
2037234,100033,-21,12.0,5.0,Active,0,0
2037234,100033,-26,12.0,10.0,Active,0,0
1548007,100061,-33,12.0,5.0,Active,0,0
2083316,100063,-35,24.0,24.0,Active,0,0
1251047,100016,-27,24.0,16.0,Active,0,0
1229670,100059,-17,12.0,11.0,Active,0,0
2052027,100045,-29,36.0,31.0,Active,0,0
1239349,100025,-27,18.0,16.0,Active,0,0
2001242,100007,-21,17.0,10.0,Active,0,0
2613879,100008,-14,30.0,23.0,Active,0,0
1229670,100059,-18,12.0,12.0,Active,0,0
2662898,100029,-10,6.0,5.0,Active,0,0
1189316,100025,-42,18.0,4.0,Active,0,0
1294812,100020,-15,6.0,5.0,Active,0,0
1597345,100016,-88,10.0,0.0,Active,0,0
2835799,100025,-35,18.0,18.0,Active,0,0
2769249,100017,-79,10.0,9.0,Active,0,0
1413109,100009,-13,12.0,11.0,Active,0,0
2449573,100035,-46,7.0,0.0,Completed,0,0
2425354,100035,-35,12.0,8.0,Active,0,0
1923010,100037,-85,6.0,5.0,Active,0,0
1528842,100061,-19,24.0,17.0,Active,0,0
2835799,100025,-33,18.0,16.0,Active,0,0
1251951,100018,-2,10.0,6.0,Active,0,0
2425547,100021,-28,12.0,12.0,Active,0,0
1814975,100054,-24,12.0,8.0,Active,0,0
1814975,100054,-23,12.0,7.0,Active,0,0
1944776,100054,-38,12.0,9.0,Active,0,0
2218188,100008,-12,10.0,10.0,Active,0,0
2243464,100050,-15,24.0,23.0,Active,0,0
1035321,100047,-85,10.0,8.0,Active,0,0
1198431,100035,-46,12.0,0.0,Completed,0,0
2411919,100023,-51,14.0,4.0,Active,0,0
1029269,100039,-53,6.0,0.0,Completed,0,0
1137041,100044,-72,18.0,4.0,Active,0,0
1035321,100047,-86,10.0,9.0,Active,0,0
1430602,100011,-78,12.0,7.0,Active,0,0
1670175,100035,-42,18.0,13.0,Active,0,0
1670175,100035,-35,18.0,6.0,Active,0,0
2426800,100047,-44,24.0,6.0,Active,0,0
2572058,100053,-14,24.0,17.0,Active,0,0
2447872,100027,-18,10.0,2.0,Active,0,0
1294812,100020,-11,6.0,1.0,Active,0,0
2179840,100030,-8,6.0,2.0,Active,0,0
2256622,100054,-14,12.0,10.0,Active,0,0
2256622,100054,-15,12.0,11.0,Active,0,0
2425547,100021,-23,12.0,7.0,Active,0,0
1213820,100021,-8,12.0,11.0,Active,0,0
2227125,100009,-6,6.0,2.0,Active,0,0
2299459,100059,-90,2.0,0.0,Completed,0,0
2314167,100045,-49,16.0,3.0,Active,0,0
2314167,100045,-52,16.0,6.0,Active,0,0
2411919,100023,-48,14.0,1.0,Active,0,0
1198431,100035,-47,12.0,1.0,Active,0,0
1413109,100009,-3,12.0,0.0,Active,0,0
2340827,100063,-43,7.0,0.0,Completed,0,0
1709863,100036,-11,12.0,10.0,Active,0,0
2636178,100003,-21,6.0,0.0,Completed,0,0
1131053,100023,-72,8.0,0.0,Completed,0,0
1198431,100035,-50,12.0,4.0,Active,0,0
2218188,100008,-2,10.0,0.0,Completed,0,0
1874778,100056,-31,54.0,14.0,Active,0,0
1027737,100015,-77,10.0,8.0,Active,0,0
1461079,100014,-21,12.0,5.0,Active,0,0
1560053,100049,-70,12.0,2.0,Active,0,0
2449573,100035,-48,7.0,2.0,Active,0,0
1461079,100014,-27,12.0,11.0,Active,0,0
1636219,100056,-85,12.0,5.0,Active,0,0
1944776,100054,-37,12.0,8.0,Active,0,0
1430602,100011,-82,12.0,11.0,Active,0,0
1430602,100011,-58,12.0,0.0,Active,406,0
1430602,100011,-53,12.0,0.0,Active,557,0
1430602,100011,-59,12.0,0.0,Active,375,0
2134202,100055,-17,12.0,4.0,Active,0,0
1413109,100009,-4,12.0,1.0,Active,0,0
2088496,100044,-74,24.0,20.0,Active,0,0
1189316,100025,-47,18.0,9.0,Active,0,0
1232720,100049,-16,6.0,2.0,Active,0,0
1907290,100008,-71,10.0,4.0,Active,0,0
2794143,100011,-31,30.0,22.0,Active,0,0
2340827,100063,-44,18.0,1.0,Active,0,0
2349489,100010,-34,10.0,9.0,Active,0,0
2243829,100012,-51,9.0,5.0,Active,0,0
1562063,100017,-7,24.0,11.0,Active,0,0
2037234,100033,-25,12.0,9.0,Active,0,0
2824473,100016,-35,24.0,15.0,Active,0,0
1232720,100049,-17,6.0,3.0,Active,0,0
1232720,100049,-18,6.0,4.0,Active,0,0
1137041,100044,-80,18.0,12.0,Active,0,0
2037234,100033,-18,12.0,1.0,Active,2,2
2824473,100016,-34,24.0,14.0,Active,0,0
1198431,100035,-48,12.0,2.0,Active,0,0
2411919,100023,-49,14.0,2.0,Active,0,0
1709863,100036,-2,12.0,1.0,Active,0,0
2425547,100021,-27,12.0,11.0,Active,0,0
1461079,100014,-28,12.0,12.0,Active,0,0
1874778,100056,-36,54.0,19.0,Active,0,0
2803221,100045,-36,14.0,1.0,Active,0,0
1461368,100040,-28,24.0,18.0,Active,0,0
2349489,100010,-30,10.0,5.0,Active,0,0
1515914,100016,-77,12.0,11.0,Active,0,0
1189316,100025,-56,18.0,18.0,Active,0,0
1186888,100008,-84,6.0,6.0,Signed,0,0
1874778,100056,-41,54.0,24.0,Active,0,0
1461079,100014,-16,12.0,0.0,Completed,0,0
1430602,100011,-42,12.0,0.0,Active,891,0
1026256,100054,-2,10.0,2.0,Active,0,0
1430602,100011,-44,12.0,0.0,Active,830,0
1168900,100051,-4,24.0,10.0,Active,0,0
1548007,100061,-38,12.0,10.0,Active,0,0
1670175,100035,-33,18.0,4.0,Active,0,0
2662898,100029,-9,6.0,4.0,Active,0,0
2134202,100055,-13,12.0,0.0,Completed,0,0
1814975,100054,-26,12.0,10.0,Active,0,0
1620327,100019,-29,12.0,10.0,Active,0,0
1950847,100061,-39,12.0,0.0,Completed,0,0
1564014,100004,-26,4.0,3.0,Active,0,0
2190416,100006,-5,12.0,7.0,Active,0,0
1874778,100056,-65,54.0,48.0,Active,0,0
1810518,100003,-22,12.0,9.0,Active,0,0
2299329,100006,-17,12.0,10.0,Active,0,0
1189316,100025,-53,18.0,15.0,Active,0,0
1461079,100014,-23,12.0,7.0,Active,0,0
1137041,100044,-74,18.0,6.0,Active,0,0
1213820,100021,-3,12.0,6.0,Active,0,0
2425354,100035,-33,12.0,6.0,Active,0,0
1189316,100025,-44,18.0,6.0,Active,0,0
2063227,100044,-46,48.0,44.0,Active,0,0
1461079,100014,-25,12.0,9.0,Active,0,0
1288446,100045,-91,6.0,6.0,Active,0,0
2704445,100018,-28,7.0,2.0,Active,0,0
1027737,100015,-78,10.0,9.0,Active,0,0
2243829,100012,-50,9.0,4.0,Active,0,0
2088496,100044,-68,24.0,14.0,Active,0,0
1874778,100056,-66,54.0,49.0,Active,0,0
1413109,100009,-11,12.0,9.0,Active,0,0
1251951,100018,-5,10.0,9.0,Active,0,0
1709863,100036,-4,12.0,3.0,Active,0,0
1251047,100016,-18,17.0,0.0,Completed,0,0
1461368,100040,-13,21.0,0.0,Completed,0,0
1461368,100040,-14,24.0,4.0,Active,0,0
1461368,100040,-17,24.0,7.0,Active,0,0
1907290,100008,-28,10.0,0.0,Active,1202,0
1907290,100008,-24,10.0,0.0,Active,0,0
1038818,100002,-5,24.0,10.0,Active,0,0
1709863,100036,-7,12.0,6.0,Active,0,0
2340827,100063,-49,18.0,6.0,Active,0,0
1168900,100051,-14,24.0,20.0,Active,0,0
2492683,100043,-38,60.0,58.0,Active,0,0
2063227,100044,-35,48.0,33.0,Active,0,0
2794143,100011,-29,30.0,20.0,Active,0,0
2572058,100053,-15,24.0,18.0,Active,0,0
2340827,100063,-48,18.0,5.0,Active,0,0
1874778,100056,-35,54.0,18.0,Active,0,0
2440070,100061,-34,6.0,5.0,Active,0,0
2243829,100012,-53,9.0,7.0,Active,0,0
2243829,100012,-46,9.0,0.0,Completed,0,0
2462742,100007,-58,12.0,12.0,Active,0,0
1322806,100062,-11,12.0,8.0,Active,0,0
1322806,100062,-10,12.0,7.0,Active,0,0
2179840,100030,-7,5.0,0.0,Completed,0,0
1294812,100020,-10,6.0,0.0,Completed,0,0
1038818,100002,-1,24.0,6.0,Active,0,0
1907290,100008,-55,10.0,0.0,Active,382,0
1907290,100008,-52,10.0,0.0,Active,471,0
1907290,100008,-56,10.0,0.0,Active,351,0
1430602,100011,-73,12.0,2.0,Active,9,9
1251047,100016,-33,24.0,22.0,Active,0,0
1074770,100020,-4,8.0,4.0,Active,0,0
2462742,100007,-46,12.0,0.0,Completed,0,0
1187878,100034,-6,4.0,0.0,Completed,0,0
2243829,100012,-47,12.0,1.0,Active,0,0
1874778,100056,-33,54.0,16.0,Active,0,0
1461368,100040,-22,24.0,12.0,Active,0,0
1461368,100040,-23,24.0,13.0,Active,0,0
2349489,100010,-25,10.0,0.0,Completed,0,0
2462742,100007,-49,12.0,3.0,Active,0,0
2299459,100059,-91,2.0,1.0,Active,0,0
1597345,100016,-91,10.0,3.0,Active,0,0
2007057,100009,-6,6.0,2.0,Active,0,0
2227125,100009,-7,6.0,3.0,Active,0,0
1597345,100016,-90,10.0,2.0,Active,0,0
1186888,100008,-83,6.0,6.0,Active,0,0
2314167,100045,-46,16.0,0.0,Completed,0,0
1748547,100062,-6,48.0,44.0,Active,0,0
1515914,100016,-70,12.0,4.0,Active,0,0
2803221,100045,-49,14.0,14.0,Active,0,0
1176822,100018,-54,12.0,12.0,Active,0,0
2662898,100029,-8,6.0,3.0,Active,0,0
1670175,100035,-36,18.0,7.0,Active,0,0
1430602,100011,-71,12.0,0.0,Active,10,0
2088496,100044,-72,24.0,18.0,Active,0,0
2088496,100044,-55,24.0,1.0,Active,0,0
1874778,100056,-53,54.0,36.0,Active,0,0
2088496,100044,-64,24.0,10.0,Active,0,0
2190416,100006,-7,12.0,9.0,Active,0,0
2088496,100044,-58,24.0,4.0,Active,0,0
1885254,100059,-7,48.0,44.0,Active,0,0
1319299,100022,-3,18.0,13.0,Active,0,0
2088496,100044,-62,24.0,8.0,Active,0,0
1907290,100008,-65,10.0,0.0,Active,76,0
2824473,100016,-27,24.0,7.0,Active,0,0
2636178,100003,-25,6.0,3.0,Active,0,0
1189316,100025,-51,18.0,13.0,Active,0,0
1189316,100025,-49,18.0,11.0,Active,0,0
1189316,100025,-54,18.0,16.0,Active,0,0
1874778,100056,-63,54.0,46.0,Active,0,0
2088496,100044,-70,24.0,16.0,Active,0,0
1193310,100009,-49,6.0,6.0,Active,0,0
2088496,100044,-65,24.0,11.0,Active,0,0
1874778,100056,-68,54.0,51.0,Active,0,0
2411919,100023,-59,14.0,12.0,Active,0,0
1560053,100049,-68,12.0,0.0,Completed,0,0
1137041,100044,-67,18.0,0.0,Completed,0,0
1213820,100021,-2,12.0,5.0,Active,0,0
1514918,100049,-47,10.0,8.0,Active,0,0
1874778,100056,-62,54.0,45.0,Active,0,0
2190416,100006,-1,12.0,3.0,Active,0,0
2314167,100045,-61,16.0,15.0,Active,0,0
1826250,100056,-84,5.0,3.0,Active,0,0
1319299,100022,-6,18.0,16.0,Active,0,0
1905091,100035,-23,24.0,23.0,Active,0,0
2421381,100009,-25,6.0,4.0,Active,0,0
2824473,100016,-32,24.0,12.0,Active,0,0
1620327,100019,-24,7.0,0.0,Completed,0,0
1845713,100040,-96,6.0,5.0,Active,0,0
2119973,100007,-68,10.0,1.0,Active,0,0
2305060,100041,-47,12.0,10.0,Active,0,0
2462742,100007,-48,12.0,2.0,Active,0,0
2037234,100033,-20,12.0,3.0,Active,1,1
2704445,100018,-30,7.0,4.0,Active,0,0
1186888,100008,-81,6.0,4.0,Active,0,0
1560053,100049,-77,12.0,9.0,Active,0,0
2426800,100047,-45,24.0,7.0,Active,0,0
1074770,100020,-5,8.0,5.0,Active,0,0
1334240,100037,-55,5.0,4.0,Active,0,0
1560053,100049,-79,12.0,11.0,Active,0,0
2462742,100007,-51,12.0,5.0,Active,0,0
2088496,100044,-57,24.0,3.0,Active,0,0
2088496,100044,-77,24.0,23.0,Active,0,0
1874778,100056,-55,54.0,38.0,Active,0,0
2190416,100006,-8,12.0,10.0,Active,0,0
2088496,100044,-78,24.0,24.0,Active,0,0
1562063,100017,-19,24.0,23.0,Active,0,0
2447872,100027,-25,10.0,9.0,Active,0,0
1137041,100044,-69,18.0,1.0,Active,0,0
2449573,100035,-53,7.0,7.0,Active,0,0
1193310,100009,-47,6.0,4.0,Active,0,0
1874778,100056,-24,54.0,7.0,Active,0,0
2001242,100007,-25,18.0,15.0,Active,0,0
2006578,100014,-2,6.0,5.0,Active,0,0
2243464,100050,-8,24.0,16.0,Active,0,0
1413109,100009,-2,12.0,0.0,Completed,0,0
1168900,100051,-10,24.0,16.0,Active,0,0
2007057,100009,-4,6.0,0.0,Completed,0,0
1461079,100014,-20,12.0,4.0,Active,0,0
2243464,100050,-10,24.0,18.0,Active,0,0
1074770,100020,-3,8.0,3.0,Active,0,0
1319299,100022,-5,18.0,15.0,Active,0,0
2063227,100044,-38,48.0,36.0,Active,0,0
1359598,100009,-88,5.0,0.0,Active,0,0
2052027,100045,-27,36.0,29.0,Active,0,0
2305060,100041,-48,12.0,11.0,Active,0,0
2794143,100011,-17,30.0,7.0,Active,0,0
2794143,100011,-20,30.0,10.0,Active,0,0
1560053,100049,-69,12.0,1.0,Active,0,0
2314167,100045,-59,16.0,13.0,Active,0,0
2243464,100050,-13,24.0,21.0,Active,0,0
1131053,100023,-78,8.0,6.0,Active,0,0
1185699,100043,-79,8.0,8.0,Active,0,0
2824473,100016,-30,24.0,10.0,Active,0,0
1251047,100016,-20,24.0,9.0,Active,0,0
1251951,100018,-6,10.0,10.0,Active,0,0
2256622,100054,-11,12.0,7.0,Active,0,0
1923010,100037,-86,6.0,6.0,Active,0,0
2769249,100017,-80,10.0,10.0,Active,0,0
1461368,100040,-19,24.0,9.0,Active,0,0
1709863,100036,-13,12.0,12.0,Active,0,0
2001242,100007,-28,18.0,18.0,Active,0,0
2088496,100044,-61,24.0,7.0,Active,0,0
1874778,100056,-59,54.0,42.0,Active,0,0
1359598,100009,-89,5.0,0.0,Active,0,0
1185699,100043,-71,8.0,0.0,Completed,0,0
2769249,100017,-78,10.0,8.0,Active,0,0
1334240,100037,-53,5.0,2.0,Active,0,0
1038818,100002,-14,24.0,19.0,Active,0,0
2063227,100044,-43,48.0,41.0,Active,0,0
2256622,100054,-7,12.0,3.0,Active,0,0
1137041,100044,-75,18.0,7.0,Active,0,0
1430602,100011,-63,12.0,0.0,Active,253,0
1528842,100061,-5,24.0,3.0,Active,0,0
1319299,100022,-4,18.0,14.0,Active,0,0
2824473,100016,-31,24.0,11.0,Active,0,0
2824473,100016,-25,24.0,5.0,Active,0,0
1874778,100056,-58,54.0,41.0,Active,0,0
2088496,100044,-60,24.0,6.0,Active,0,0
2088496,100044,-63,24.0,9.0,Active,0,0
1874778,100056,-61,54.0,44.0,Active,0,0
1874778,100056,-70,54.0,53.0,Active,0,0
1485871,100021,-19,6.0,5.0,Active,0,0
1430602,100011,-54,12.0,0.0,Active,526,0
1430602,100011,-67,12.0,0.0,Active,131,0
1430602,100011,-57,12.0,0.0,Active,437,0
2119973,100007,-70,10.0,3.0,Active,0,0
1137041,100044,-76,18.0,8.0,Active,0,0
1597345,100016,-86,10.0,0.0,Active,0,0
1027737,100015,-79,10.0,10.0,Active,0,0
2314167,100045,-47,16.0,1.0,Active,0,0
1413109,100009,-6,12.0,4.0,Active,0,0
2243464,100050,-12,24.0,20.0,Active,0,0
1077565,100039,-18,42.0,37.0,Active,0,0
1562063,100017,-15,24.0,19.0,Active,0,0
2001242,100007,-27,18.0,17.0,Active,0,0
1874778,100056,-28,54.0,11.0,Active,0,0
1907290,100008,-63,10.0,0.0,Active,137,0
1251047,100016,-19,24.0,8.0,Active,0,0
1038818,100002,-10,24.0,15.0,Active,0,0
1038818,100002,-6,24.0,11.0,Active,0,0
1430602,100011,-43,12.0,0.0,Active,861,0
2063227,100044,-49,48.0,47.0,Active,0,0
2134202,100055,-25,12.0,12.0,Active,0,0
1112703,100009,-51,10.0,10.0,Active,0,0
2063227,100044,-50,48.0,48.0,Active,0,0
1193310,100009,-48,6.0,5.0,Active,0,0
1907290,100008,-60,10.0,0.0,Active,229,0
1038818,100002,-4,24.0,9.0,Active,0,0
2314167,100045,-48,16.0,2.0,Active,0,0
2411919,100023,-47,14.0,0.0,Completed,0,0
1548007,100061,-40,12.0,12.0,Active,0,0
2037234,100033,-23,12.0,7.0,Active,0,0
2218188,100008,-9,10.0,6.0,Active,0,0
2256622,100054,-6,12.0,2.0,Active,0,0
1907290,100008,-62,10.0,0.0,Active,167,0
1907290,100008,-59,10.0,0.0,Active,259,0
2227125,100009,-5,6.0,1.0,Active,0,0
1560053,100049,-71,12.0,3.0,Active,0,0
2299329,100006,-15,12.0,8.0,Active,0,0
1845713,100040,-95,6.0,4.0,Active,0,0
1811514,100027,-15,12.0,12.0,Active,0,0
1430602,100011,-64,12.0,0.0,Active,222,0
2396755,100003,-77,12.0,12.0,Active,0,0
2299459,100059,-92,2.0,2.0,Active,0,0
1430602,100011,-45,12.0,0.0,Active,802,0
1430602,100011,-65,12.0,0.0,Active,192,0
1430602,100011,-50,12.0,0.0,Active,649,0
1112703,100009,-50,10.0,9.0,Active,0,0
1168900,100051,-8,24.0,14.0,Active,0,0
2190416,100006,-10,12.0,12.0,Active,0,0
2037234,100033,-24,12.0,8.0,Active,0,0
1430602,100011,-68,12.0,0.0,Active,100,0
1826250,100056,-83,5.0,2.0,Active,0,0
1636219,100056,-81,12.0,1.0,Active,0,0
1430602,100011,-70,12.0,0.0,Active,41,0
1636219,100056,-83,12.0,3.0,Active,0,0
2088496,100044,-59,24.0,5.0,Active,0,0
1430602,100011,-41,12.0,0.0,Active,922,0
1562063,100017,-6,24.0,10.0,Active,0,0
1516108,100044,-8,6.0,1.0,Active,0,0
1514468,100059,-40,3.0,1.0,Active,0,0
1137041,100044,-85,18.0,17.0,Active,0,0
1251951,100018,-4,10.0,8.0,Active,0,0
1137041,100044,-86,18.0,18.0,Active,0,0
1137041,100044,-82,18.0,14.0,Active,0,0
1319299,100022,-8,18.0,18.0,Active,0,0
1137041,100044,-79,18.0,11.0,Active,0,0
1137041,100044,-77,18.0,9.0,Active,0,0
2088496,100044,-71,24.0,17.0,Active,0,0
1874778,100056,-69,54.0,52.0,Active,0,0
1874778,100056,-57,54.0,40.0,Active,0,0
2339761,100063,-21,36.0,33.0,Active,0,0
1562063,100017,-5,24.0,9.0,Active,0,0
1944776,100054,-39,12.0,10.0,Active,0,0
2256622,100054,-4,12.0,0.0,Completed,0,0
2256622,100054,-5,12.0,1.0,Active,0,0
1461368,100040,-16,24.0,6.0,Active,0,0
1907290,100008,-26,10.0,0.0,Active,1263,0
1620327,100019,-26,12.0,7.0,Active,0,0
1198431,100035,-55,12.0,9.0,Active,0,0
1029269,100039,-58,6.0,5.0,Active,0,0
2052027,100045,-31,36.0,33.0,Active,0,0
2063227,100044,-31,20.0,1.0,Active,0,0
1814975,100054,-19,12.0,3.0,Active,0,0
1359598,100009,-96,5.0,4.0,Active,0,0
1143325,100030,-87,1.0,0.0,Active,0,0
1516108,100044,-11,6.0,4.0,Active,0,0
1874778,100056,-37,54.0,20.0,Active,0,0
2425547,100021,-24,12.0,8.0,Active,0,0
2256622,100054,-12,12.0,8.0,Active,0,0
1485871,100021,-20,6.0,6.0,Active,0,0
1026256,100054,-6,10.0,6.0,Active,0,0
1131053,100023,-80,8.0,8.0,Active,0,0
1950847,100061,-40,12.0,0.0,Active,0,0
1322806,100062,-13,12.0,10.0,Active,0,0
1413109,100009,-9,12.0,6.0,Active,0,0
1413109,100009,-14,12.0,12.0,Active,0,0
2218188,100008,-7,10.0,4.0,Active,0,0
2447872,100027,-24,10.0,8.0,Active,0,0
2769249,100017,-71,10.0,1.0,Active,0,0
1461368,100040,-15,24.0,5.0,Active,0,0
1213820,100021,-5,12.0,8.0,Active,0,0
2190416,100006,-9,12.0,11.0,Active,0,0
2243464,100050,-2,24.0,10.0,Active,0,0
2243464,100050,-3,24.0,11.0,Active,0,0
1461368,100040,-20,24.0,10.0,Active,0,0
1461368,100040,-21,24.0,11.0,Active,0,0
1430602,100011,-69,12.0,0.0,Active,72,0
1194857,100061,-5,30.0,12.0,Active,0,0
2164190,100012,-22,24.0,18.0,Active,0,0
2636178,100003,-22,6.0,0.0,Active,0,0
2636178,100003,-27,6.0,5.0,Active,0,0
2243464,100050,-1,24.0,9.0,Active,0,0
2134202,100055,-16,12.0,3.0,Active,0,0
1944776,100054,-35,12.0,6.0,Active,0,0
1461079,100014,-17,12.0,1.0,Active,0,0
1461079,100014,-18,12.0,2.0,Active,0,0
1168900,100051,-17,24.0,23.0,Active,0,0
2613879,100008,-20,30.0,29.0,Active,0,0
2190416,100006,-4,12.0,6.0,Active,0,0
1944776,100054,-36,12.0,7.0,Active,0,0
1213820,100021,-6,12.0,9.0,Active,0,0
1670175,100035,-37,18.0,8.0,Active,0,0
1319299,100022,-7,18.0,17.0,Active,0,0
1826250,100056,-86,5.0,5.0,Signed,0,0
1907290,100008,-41,10.0,0.0,Active,806,0
1907290,100008,-23,10.0,0.0,Completed,0,0
1907290,100008,-43,10.0,0.0,Active,747,0
1907290,100008,-29,10.0,0.0,Active,1172,0
1907290,100008,-27,10.0,0.0,Active,1233,0
1907290,100008,-31,10.0,0.0,Active,1112,0
1907290,100008,-33,10.0,0.0,Active,1050,0
1907290,100008,-46,10.0,0.0,Active,655,0
1907290,100008,-35,10.0,0.0,Active,989,0
1907290,100008,-39,10.0,0.0,Active,867,0
1562063,100017,-1,24.0,5.0,Active,0,0
1077565,100039,-21,42.0,40.0,Active,0,0
1038818,100002,-19,24.0,24.0,Active,0,0
1223113,100046,-17,18.0,18.0,Active,0,0
2797899,100009,-1,10.0,9.0,Active,0,0
1874778,100056,-50,54.0,33.0,Active,0,0
2411919,100023,-61,14.0,14.0,Active,0,0
1786922,100041,-88,6.0,6.0,Active,0,0
1461079,100014,-22,12.0,6.0,Active,0,0
1874778,100056,-44,54.0,27.0,Active,0,0
2794143,100011,-38,30.0,29.0,Active,0,0
1709863,100036,-10,12.0,9.0,Active,0,0
2007057,100009,-7,6.0,3.0,Active,0,0
1168900,100051,-12,24.0,18.0,Active,0,0
2349489,100010,-33,10.0,8.0,Active,0,0
1907290,100008,-37,10.0,0.0,Active,928,0
1907290,100008,-25,10.0,0.0,Active,1294,0
1907290,100008,-30,10.0,0.0,Active,1141,0
1907290,100008,-47,10.0,0.0,Active,624,0
1907290,100008,-42,10.0,0.0,Active,775,0
1907290,100008,-53,10.0,0.0,Active,441,0
1907290,100008,-40,10.0,0.0,Active,836,0
1907290,100008,-44,10.0,0.0,Active,716,0
1907290,100008,-50,10.0,0.0,Active,532,0
1907290,100008,-49,10.0,0.0,Active,563,0
1907290,100008,-38,10.0,0.0,Active,897,0
1907290,100008,-34,10.0,0.0,Active,1020,0
1907290,100008,-36,10.0,0.0,Active,959,0
1907290,100008,-32,10.0,0.0,Active,1081,0
2340827,100063,-50,18.0,7.0,Active,0,0
1907290,100008,-54,10.0,0.0,Active,410,0
1907290,100008,-45,10.0,0.0,Active,685,0
1907290,100008,-48,10.0,0.0,Active,594,0
1907290,100008,-51,10.0,0.0,Active,502,0
2134202,100055,-18,12.0,5.0,Active,0,0
1213820,100021,-7,12.0,10.0,Active,0,0
1814975,100054,-21,12.0,5.0,Active,0,0
1709863,100036,-5,12.0,4.0,Active,0,0
1515914,100016,-78,12.0,12.0,Active,0,0
2227125,100009,-8,6.0,4.0,Active,0,0
2007057,100009,-8,6.0,4.0,Active,0,0
2243829,100012,-54,9.0,8.0,Active,0,0
2063227,100044,-39,48.0,37.0,Active,0,0
2492683,100043,-39,60.0,59.0,Active,0,0
2119973,100007,-71,10.0,4.0,Active,0,0
1029269,100039,-54,6.0,1.0,Active,0,0
1560053,100049,-80,12.0,12.0,Active,0,0
1940724,100007,-30,12.0,6.0,Active,0,0
2227125,100009,-9,6.0,5.0,Active,0,0
1168900,100051,-6,24.0,12.0,Active,0,0
1430602,100011,-72,12.0,1.0,Active,0,0
1168900,100051,-9,24.0,15.0,Active,0,0
2179840,100030,-11,6.0,5.0,Active,0,0
1390369,100034,-17,6.0,3.0,Active,0,0
1973524,100021,-85,6.0,0.0,Completed,0,0
1905091,100035,-20,3.0,0.0,Completed,0,0
2314167,100045,-53,16.0,7.0,Active,0,0
1112703,100009,-49,10.0,8.0,Active,0,0
1516108,100044,-9,6.0,2.0,Active,0,0
2007057,100009,-9,6.0,5.0,Active,0,0
2179840,100030,-9,6.0,3.0,Active,0,0
1038818,100002,-11,24.0,16.0,Active,0,0
2006578,100014,-3,6.0,6.0,Active,0,0
2572058,100053,-20,24.0,23.0,Active,0,0
2794143,100011,-22,30.0,12.0,Active,0,0
1670175,100035,-29,18.0,0.0,Completed,0,0
2425354,100035,-29,12.0,2.0,Active,0,0
2769249,100017,-72,10.0,2.0,Active,0,0
1194857,100061,-3,30.0,10.0,Active,0,0
1514918,100049,-46,10.0,7.0,Active,0,0
1137041,100044,-68,18.0,0.0,Active,11,11
1814975,100054,-16,12.0,0.0,Completed,0,0
2134202,100055,-24,12.0,11.0,Active,0,0
1814975,100054,-17,12.0,1.0,Active,0,0
1461368,100040,-31,24.0,21.0,Active,0,0
1027737,100015,-70,10.0,1.0,Active,0,0
2164190,100012,-24,24.0,20.0,Active,0,0
1717648,100052,-8,6.0,4.0,Active,0,0
1717648,100052,-7,6.0,3.0,Active,0,0
1814975,100054,-22,12.0,6.0,Active,0,0
2119973,100007,-72,10.0,5.0,Active,0,0
1814975,100054,-25,12.0,9.0,Active,0,0
2037234,100033,-16,12.0,0.0,Completed,0,0
2037234,100033,-17,12.0,0.0,Active,0,0
2421381,100009,-26,6.0,5.0,Active,0,0
1709863,100036,-3,12.0,2.0,Active,0,0
1514468,100059,-42,6.0,6.0,Active,0,0
1430602,100011,-55,12.0,0.0,Active,496,0
2704445,100018,-29,7.0,3.0,Active,0,0
1874778,100056,-20,54.0,2.0,Active,0,0
1874778,100056,-29,54.0,12.0,Active,0,0
1366912,100048,-3,18.0,11.0,Active,0,0
1874778,100056,-30,54.0,13.0,Active,0,0
1137041,100044,-70,18.0,2.0,Active,0,0
1288446,100045,-87,6.0,1.0,Active,1,1
1074770,100020,-7,8.0,7.0,Active,0,0
1322806,100062,-12,12.0,9.0,Active,0,0
2794143,100011,-35,30.0,26.0,Active,0,0
1026256,100054,-7,10.0,7.0,Active,0,0
1284590,100063,-10,4.0,0.0,Completed,0,0
1709863,100036,-9,12.0,8.0,Active,0,0
2794143,100011,-39,30.0,30.0,Active,0,0
2164190,100012,-18,24.0,14.0,Active,0,0
2256622,100054,-8,12.0,4.0,Active,0,0
1907290,100008,-67,10.0,0.0,Active,17,0
1636219,100056,-82,12.0,2.0,Active,0,0
1026256,100054,-8,10.0,8.0,Active,0,0
1026256,100054,-4,10.0,4.0,Active,0,0
2340827,100063,-47,18.0,4.0,Active,0,0
1168900,100051,-7,24.0,13.0,Active,0,0
1620327,100019,-25,12.0,6.0,Active,0,0
1187878,100034,-9,6.0,5.0,Active,0,0
2052027,100045,-16,36.0,18.0,Active,0,0
2426800,100047,-38,10.0,0.0,Completed,0,0
2190416,100006,-3,12.0,5.0,Active,0,0
1137041,100044,-71,18.0,3.0,Active,0,0
2256622,100054,-10,12.0,6.0,Active,0,0
2396755,100003,-75,12.0,10.0,Active,0,0
1026256,100054,-5,10.0,5.0,Active,0,0
1026256,100054,-9,10.0,9.0,Active,0,0
1251047,100016,-35,24.0,24.0,Active,0,0
2462742,100007,-47,12.0,1.0,Active,0,0
1251047,100016,-21,24.0,10.0,Active,0,0
1213820,100021,-4,12.0,7.0,Active,0,0
1251047,100016,-22,24.0,11.0,Active,0,0
2305060,100041,-49,12.0,12.0,Active,0,0
2794143,100011,-16,30.0,6.0,Active,0,0
1461368,100040,-29,24.0,19.0,Active,0,0
2425547,100021,-22,6.0,0.0,Completed,0,0
1038818,100002,-12,24.0,17.0,Active,0,0
1176822,100018,-42,12.0,0.0,Completed,0,0
2088496,100044,-56,24.0,2.0,Active,0,0
2088496,100044,-76,24.0,22.0,Active,0,0
2314167,100045,-50,16.0,4.0,Active,0,0
1670175,100035,-43,18.0,14.0,Active,0,0
1874778,100056,-49,54.0,32.0,Active,0,0
2088496,100044,-54,24.0,0.0,Completed,0,0
1874778,100056,-52,54.0,35.0,Active,0,0
1514918,100049,-49,10.0,10.0,Active,0,0
1430602,100011,-49,12.0,0.0,Active,679,0
1026256,100054,-1,10.0,1.0,Active,0,0
1430602,100011,-61,12.0,0.0,Active,314,0
1390369,100034,-16,6.0,2.0,Active,0,0
1319299,100022,-2,18.0,12.0,Active,0,0
2824473,100016,-26,24.0,6.0,Active,0,0
2411919,100023,-58,14.0,11.0,Active,0,0
1189316,100025,-55,18.0,17.0,Active,0,0
1334240,100037,-56,5.0,5.0,Active,0,0
2134202,100055,-21,12.0,8.0,Active,0,0
1940724,100007,-32,12.0,8.0,Active,0,0
1137041,100044,-83,18.0,15.0,Active,0,0
1137041,100044,-78,18.0,10.0,Active,0,0
1137041,100044,-84,18.0,16.0,Active,0,0
1189316,100025,-48,18.0,10.0,Active,0,0
1026256,100054,-3,10.0,3.0,Active,0,0
2243464,100050,-6,24.0,14.0,Active,0,0
2243464,100050,-9,24.0,17.0,Active,0,0
1944776,100054,-29,12.0,0.0,Completed,0,0
1430602,100011,-47,12.0,0.0,Active,740,0
1168900,100051,-11,24.0,17.0,Active,0,0
2007057,100009,-5,6.0,1.0,Active,0,0
1430602,100011,-48,12.0,0.0,Active,710,0
1944776,100054,-30,12.0,1.0,Active,0,0
1430602,100011,-52,12.0,0.0,Active,587,0
1430602,100011,-46,12.0,0.0,Active,771,0
2449573,100035,-49,7.0,3.0,Active,0,0
1907290,100008,-66,10.0,0.0,Active,45,0
2426800,100047,-39,24.0,1.0,Active,0,0
1413109,100009,-12,12.0,10.0,Active,0,0
1137041,100044,-81,18.0,13.0,Active,0,0
2636178,100003,-28,6.0,6.0,Active,0,0
1874778,100056,-67,54.0,50.0,Active,0,0
2704445,100018,-31,6.0,5.0,Active,0,0
2088496,100044,-69,24.0,15.0,Active,0,0
2440070,100061,-35,6.0,6.0,Active,0,0
2425354,100035,-36,12.0,9.0,Active,0,0
1284590,100063,-13,12.0,10.0,Active,0,0
1430602,100011,-60,12.0,0.0,Active,345,0
1907290,100008,-64,10.0,0.0,Active,106,0
2794143,100011,-37,30.0,28.0,Active,0,0
1038818,100002,-9,24.0,14.0,Active,0,0
1038818,100002,-8,24.0,13.0,Active,0,0
1038818,100002,-7,24.0,12.0,Active,0,0
2190416,100006,-2,12.0,4.0,Active,0,0
2314167,100045,-60,16.0,14.0,Active,0,0
1515914,100016,-67,12.0,1.0,Active,0,0
1514918,100049,-48,10.0,9.0,Active,0,0
1198431,100035,-58,12.0,12.0,Active,0,0
1461079,100014,-19,12.0,3.0,Active,0,0
1026256,100054,-10,10.0,10.0,Active,0,0
2797899,100009,-2,10.0,10.0,Active,0,0
1670175,100035,-44,18.0,15.0,Active,0,0
1907290,100008,-58,10.0,0.0,Active,290,0
1907290,100008,-61,10.0,0.0,Active,198,0
1826250,100056,-85,5.0,4.0,Active,0,0
1189316,100025,-43,18.0,5.0,Active,0,0
2449573,100035,-50,7.0,4.0,Active,0,0
1562063,100017,-11,24.0,15.0,Active,0,0
2299329,100006,-13,5.0,0.0,Completed,0,0
1597345,100016,-89,10.0,1.0,Active,0,0
2088496,100044,-75,24.0,21.0,Active,0,0
2190416,100006,-6,12.0,8.0,Active,0,0
1562063,100017,-4,24.0,8.0,Active,0,0
1562063,100017,-3,24.0,7.0,Active,0,0
2243464,100050,-4,24.0,12.0,Active,0,0
2243464,100050,-5,24.0,13.0,Active,0,0
1670175,100035,-41,18.0,12.0,Active,0,0
1845095,100052,-15,6.0,6.0,Active,0,0
2243464,100050,-7,24.0,15.0,Active,0,0
1826250,100056,-81,5.0,0.0,Active,0,0
1826250,100056,-82,5.0,1.0,Active,0,0
2227125,100009,-4,6.0,0.0,Completed,0,0
1562063,100017,-8,24.0,12.0,Active,0,0
2704445,100018,-32,6.0,6.0,Active,0,0
1845095,100052,-12,6.0,3.0,Active,0,0
1131053,100023,-79,8.0,7.0,Active,0,0
2179840,100030,-12,6.0,6.0,Active,0,0
2824473,100016,-21,24.0,1.0,Active,0,0
2824473,100016,-24,24.0,4.0,Active,0,0
2824473,100016,-22,24.0,2.0,Active,0,0
2824473,100016,-23,24.0,3.0,Active,0,0
2824473,100016,-20,24.0,0.0,Completed,0,0
2421381,100009,-27,6.0,6.0,Active,0,0
1074770,100020,-8,8.0,8.0,Active,0,0
1074770,100020,-6,8.0,6.0,Active,0,0
1074770,100020,-2,8.0,2.0,Active,0,0
1168900,100051,-5,24.0,11.0,Active,0,0
1168900,100051,-2,24.0,8.0,Active,0,0
1168900,100051,-3,24.0,9.0,Active,0,0
1709863,100036,-6,12.0,5.0,Active,0,0
1189316,100025,-50,18.0,12.0,Active,0,0
1562063,100017,-2,24.0,6.0,Active,0,0
1562063,100017,-20,24.0,24.0,Active,0,0
2447872,100027,-26,10.0,10.0,Active,0,0
1620327,100019,-31,12.0,12.0,Active,0,0
1038818,100002,-3,24.0,8.0,Active,0,0
1038818,100002,-2,24.0,7.0,Active,0,0
1430602,100011,-40,12.0,0.0,Active,952,0
1430602,100011,-39,11.0,0.0,Completed,0,0
1168900,100051,-1,24.0,7.0,Active,0,0
2314167,100045,-62,16.0,16.0,Active,0,0
2824473,100016,-28,24.0,8.0,Active,0,0
1198431,100035,-57,12.0,11.0,Active,0,0
2063227,100044,-44,48.0,42.0,Active,0,0
2492683,100043,-37,60.0,57.0,Active,0,0
1038818,100002,-15,24.0,20.0,Active,0,0
2006578,100014,-1,6.0,4.0,Active,0,0
1907290,100008,-57,10.0,0.0,Active,320,0
1461368,100040,-18,24.0,8.0,Active,0,0
2824473,100016,-29,24.0,9.0,Active,0,0
1874778,100056,-51,54.0,34.0,Active,0,0
1597345,100016,-85,10.0,0.0,Completed,0,0
2063227,100044,-37,48.0,35.0,Active,0,0
2063227,100044,-45,48.0,43.0,Active,0,0
2411919,100023,-60,14.0,13.0,Active,0,0
2088496,100044,-66,24.0,12.0,Active,0,0
1874778,100056,-64,54.0,47.0,Active,0,0
1874778,100056,-56,54.0,39.0,Active,0,0
2088496,100044,-67,24.0,13.0,Active,0,0
2662898,100029,-6,4.0,0.0,Completed,0,0
1322806,100062,-9,6.0,0.0,Completed,0,0
2243464,100050,-11,24.0,19.0,Active,0,0
1413109,100009,-5,12.0,2.0,Active,0,0
2218188,100008,-3,10.0,0.0,Active,0,0
1874778,100056,-54,54.0,37.0,Active,0,0
2449573,100035,-54,7.0,7.0,Signed,0,0
1189316,100025,-52,18.0,14.0,Active,0,0
2256622,100054,-9,12.0,5.0,Active,0,0
1430602,100011,-56,12.0,0.0,Active,465,0
1430602,100011,-66,12.0,0.0,Active,161,0
1430602,100011,-51,12.0,0.0,Active,618,0
1430602,100011,-62,12.0,0.0,Active,284,0
